-- phpMyAdmin SQL Dump
-- version 4.3.11
-- http://www.phpmyadmin.net
--
-- Host: 127.0.0.1
-- Generation Time: Dec 14, 2017 at 05:21 AM
-- Server version: 5.6.24
-- PHP Version: 5.6.8

SET SQL_MODE = "NO_AUTO_VALUE_ON_ZERO";
SET time_zone = "+00:00";


/*!40101 SET @OLD_CHARACTER_SET_CLIENT=@@CHARACTER_SET_CLIENT */;
/*!40101 SET @OLD_CHARACTER_SET_RESULTS=@@CHARACTER_SET_RESULTS */;
/*!40101 SET @OLD_COLLATION_CONNECTION=@@COLLATION_CONNECTION */;
/*!40101 SET NAMES utf8 */;

--
-- Database: `coop_dat`
--

-- --------------------------------------------------------

--
-- Table structure for table `accountstbl`
--

CREATE TABLE IF NOT EXISTS `accountstbl` (
  `accountNumber` varchar(20) CHARACTER SET utf8 NOT NULL,
  `pid` int(11) DEFAULT NULL,
  `memberid` varchar(20) CHARACTER SET utf8 DEFAULT NULL,
  `alternativeAccountId` varchar(20) CHARACTER SET utf8 DEFAULT NULL,
  `categoryId` varchar(5) CHARACTER SET utf8 DEFAULT NULL,
  `accountType` varchar(3) CHARACTER SET utf8 DEFAULT NULL,
  `accountName` varchar(35) CHARACTER SET utf8 DEFAULT NULL,
  `limitRef` varchar(50) CHARACTER SET utf8 DEFAULT NULL,
  `postingRestriction` int(11) DEFAULT NULL,
  `interestLiqAccount` varchar(20) CHARACTER SET utf8 DEFAULT NULL,
  `principalLiqAccount` varchar(20) CHARACTER SET utf8 DEFAULT NULL,
  `singatureRef` varchar(20) CHARACTER SET utf8 DEFAULT NULL,
  `accountOpeningDate` varchar(10) CHARACTER SET utf8 DEFAULT NULL,
  `valueDate` varchar(10) CHARACTER SET utf8 DEFAULT NULL,
  `openingBal` double(16,2) DEFAULT NULL,
  `debitMovement` double(16,2) DEFAULT NULL,
  `creditMovement` double(16,2) DEFAULT NULL,
  `clearedBal` double(16,2) DEFAULT NULL,
  `workingBal` double(16,2) DEFAULT NULL,
  `dateLastDr` varchar(10) CHARACTER SET utf8 DEFAULT NULL,
  `amountLastDr` varchar(16) CHARACTER SET utf8 DEFAULT NULL,
  `trcodeLastDr` int(11) DEFAULT NULL,
  `dateLastCr` varchar(10) CHARACTER SET utf8 DEFAULT NULL,
  `amountLastCr` varchar(16) CHARACTER SET utf8 DEFAULT NULL,
  `trcodeLastCr` int(11) DEFAULT NULL,
  `accountStatus` int(11) DEFAULT NULL,
  `curNumber` int(11) DEFAULT NULL,
  `recordStatus` varchar(4) CHARACTER SET utf8 DEFAULT NULL,
  `branchCode` varchar(10) CHARACTER SET utf8 DEFAULT NULL,
  `inputter` varchar(150) CHARACTER SET utf8 DEFAULT NULL,
  `authorizer` varchar(150) CHARACTER SET utf8 DEFAULT NULL
) ENGINE=InnoDB DEFAULT CHARSET=latin1;

--
-- Dumping data for table `accountstbl`
--

INSERT INTO `accountstbl` (`accountNumber`, `pid`, `memberid`, `alternativeAccountId`, `categoryId`, `accountType`, `accountName`, `limitRef`, `postingRestriction`, `interestLiqAccount`, `principalLiqAccount`, `singatureRef`, `accountOpeningDate`, `valueDate`, `openingBal`, `debitMovement`, `creditMovement`, `clearedBal`, `workingBal`, `dateLastDr`, `amountLastDr`, `trcodeLastDr`, `dateLastCr`, `amountLastCr`, `trcodeLastCr`, `accountStatus`, `curNumber`, `recordStatus`, `branchCode`, `inputter`, `authorizer`) VALUES
('123123', 66, '123', '1235489', '1', 'ACC', 'shishirkkkk', 'karki', NULL, NULL, NULL, NULL, NULL, NULL, NULL, NULL, NULL, NULL, NULL, NULL, NULL, NULL, NULL, NULL, NULL, NULL, NULL, NULL, NULL, 'admin', NULL),
('12', 66, '123', '12', '1', 'ACC', '12', '12', NULL, NULL, NULL, NULL, NULL, NULL, NULL, NULL, NULL, NULL, NULL, NULL, NULL, NULL, NULL, NULL, NULL, NULL, NULL, NULL, NULL, 'admin', NULL),
('123', 66, '123', '', '', '', '', '', NULL, NULL, NULL, NULL, NULL, NULL, NULL, NULL, NULL, NULL, NULL, NULL, NULL, NULL, NULL, NULL, NULL, NULL, NULL, NULL, NULL, 'admin', NULL),
('132', 66, '123', '', '', '', '', '', NULL, NULL, NULL, NULL, NULL, NULL, NULL, NULL, NULL, NULL, NULL, NULL, NULL, NULL, NULL, NULL, NULL, NULL, NULL, NULL, NULL, 'admin', NULL),
('151', 66, '123', '', '', '', '', '', NULL, NULL, NULL, NULL, NULL, NULL, NULL, NULL, NULL, NULL, NULL, NULL, NULL, NULL, NULL, NULL, NULL, NULL, NULL, NULL, NULL, 'admin', NULL);

-- --------------------------------------------------------

--
-- Table structure for table `accounttype`
--

CREATE TABLE IF NOT EXISTS `accounttype` (
  `accountType` varchar(3) CHARACTER SET utf8 NOT NULL,
  `accountTypeHead` varchar(35) CHARACTER SET utf8 DEFAULT NULL,
  `inputter` varchar(150) CHARACTER SET utf8 DEFAULT NULL,
  `authorizer` varchar(150) CHARACTER SET utf8 DEFAULT NULL
) ENGINE=InnoDB DEFAULT CHARSET=latin1;

--
-- Dumping data for table `accounttype`
--

INSERT INTO `accounttype` (`accountType`, `accountTypeHead`, `inputter`, `authorizer`) VALUES
('ACC', 'Customer Account', 'admin', 'admin'),
('FIN', 'Financial Account', 'admin', 'admin'),
('LNA', 'Loan Account', 'admin', 'admin'),
('PLA', ' Profit and Loss Account', 'admin', 'admin');

-- --------------------------------------------------------

--
-- Table structure for table `bankaccountdetail`
--

CREATE TABLE IF NOT EXISTS `bankaccountdetail` (
  `id` int(11) NOT NULL DEFAULT '0',
  `pid` int(11) NOT NULL,
  `bankName` varchar(35) CHARACTER SET utf8 NOT NULL,
  `accountNumber` varchar(50) CHARACTER SET utf8 NOT NULL,
  `accountType` varchar(30) CHARACTER SET utf8 NOT NULL,
  `remarks` varchar(30) CHARACTER SET utf8 DEFAULT NULL,
  `inputter` varchar(50) CHARACTER SET utf8 DEFAULT NULL,
  `authorizer` varchar(150) CHARACTER SET utf8 DEFAULT NULL
) ENGINE=InnoDB DEFAULT CHARSET=latin1;

--
-- Dumping data for table `bankaccountdetail`
--

INSERT INTO `bankaccountdetail` (`id`, `pid`, `bankName`, `accountNumber`, `accountType`, `remarks`, `inputter`, `authorizer`) VALUES
(34, 70, '', '', '', '', 'admin', 'abc'),
(35, 70, '12', '12', '12', '12', 'shishir', 'abc'),
(0, 70, '', '', '', '', 'admin', 'abc'),
(0, 70, '', '', '', '', 'admin', 'abc'),
(0, 70, '', '', '', '', 'admin', 'abc'),
(0, 70, '', '', '', '', 'admin', 'abc'),
(0, 70, 'gh', 'gh', 'fg', 'fg', 'admin', 'abc'),
(0, 70, '12', '12', '12', '12', 'admin', 'abc');

-- --------------------------------------------------------

--
-- Table structure for table `categories`
--

CREATE TABLE IF NOT EXISTS `categories` (
  `categoryId` varchar(5) CHARACTER SET utf8 NOT NULL,
  `categoryHead` varchar(35) CHARACTER SET utf8 DEFAULT NULL,
  `accountType` varchar(3) CHARACTER SET utf8 DEFAULT NULL,
  `inputter` varchar(150) CHARACTER SET utf8 DEFAULT NULL,
  `authorizer` varchar(150) CHARACTER SET utf8 DEFAULT NULL
) ENGINE=InnoDB DEFAULT CHARSET=latin1;

--
-- Dumping data for table `categories`
--

INSERT INTO `categories` (`categoryId`, `categoryHead`, `accountType`, `inputter`, `authorizer`) VALUES
('1', '1', 'ACC', '1', '1');

-- --------------------------------------------------------

--
-- Table structure for table `childinfo`
--

CREATE TABLE IF NOT EXISTS `childinfo` (
  `AcNo` varchar(50) DEFAULT NULL,
  `MemChild` varchar(35) DEFAULT NULL
) ENGINE=InnoDB DEFAULT CHARSET=latin1;

-- --------------------------------------------------------

--
-- Table structure for table `chkblock`
--

CREATE TABLE IF NOT EXISTS `chkblock` (
  `TrDateN` varchar(50) DEFAULT NULL,
  `TrDateE` datetime DEFAULT NULL,
  `ACode` int(11) DEFAULT NULL,
  `AcNo` varchar(50) DEFAULT NULL,
  `BlockCheque` varchar(50) DEFAULT NULL
) ENGINE=InnoDB DEFAULT CHARSET=latin1;

-- --------------------------------------------------------

--
-- Table structure for table `chkblockcus`
--

CREATE TABLE IF NOT EXISTS `chkblockcus` (
  `TrDateN` varchar(50) DEFAULT NULL,
  `TrDateE` datetime DEFAULT NULL,
  `pid` int(11) DEFAULT NULL,
  `BlockCheque` varchar(50) DEFAULT NULL
) ENGINE=InnoDB DEFAULT CHARSET=latin1;

-- --------------------------------------------------------

--
-- Stand-in structure for view `customerdetail`
--
CREATE TABLE IF NOT EXISTS `customerdetail` (
`pid` int(11)
,`memberid` varchar(20)
,`registrationDate` varchar(10)
,`name` varchar(50)
,`gender` varchar(10)
,`pdistid` int(11)
,`pvdcmunid` int(11)
,`pwardno` varchar(4)
,`pcity` varchar(50)
,`ptole` varchar(50)
,`tdistid` int(11)
,`tvdcmunid` int(11)
,`twardno` int(5)
,`tcity` varchar(50)
,`ttole` varchar(50)
,`citizenshipNo` varchar(30)
,`citizenshipIssuedFrom` int(11)
,`telno` varchar(10)
,`mobno` varchar(10)
,`fatherName` varchar(50)
,`spouseName` varchar(50)
,`dob` varchar(10)
,`typeid` int(11)
,`statusid` int(11)
,`inputter` varchar(30)
,`authorizer` varchar(150)
,`insertStatus` varchar(20)
,`updateStatus` varchar(20)
,`delStatus` varchar(20)
,`pdistname` varchar(35)
,`tdistname` varchar(35)
,`citdistname` varchar(35)
,`pvdcname` varchar(100)
,`tvdcname` varchar(100)
,`statusName` varchar(30)
,`typeName` varchar(30)
);

-- --------------------------------------------------------

--
-- Table structure for table `customertbl`
--

CREATE TABLE IF NOT EXISTS `customertbl` (
  `pid` int(11) NOT NULL DEFAULT '0',
  `memberid` varchar(20) CHARACTER SET utf8 DEFAULT NULL,
  `registrationDate` varchar(10) CHARACTER SET utf8 DEFAULT NULL,
  `name` varchar(50) CHARACTER SET utf8 DEFAULT NULL,
  `gender` varchar(10) CHARACTER SET utf8 DEFAULT NULL,
  `pdistid` int(11) DEFAULT NULL,
  `pvdcmunid` int(11) DEFAULT NULL,
  `pwardno` varchar(4) CHARACTER SET utf8 DEFAULT NULL,
  `pcity` varchar(50) CHARACTER SET utf8 DEFAULT NULL,
  `ptole` varchar(50) CHARACTER SET utf8 DEFAULT NULL,
  `tdistid` int(11) DEFAULT NULL,
  `tvdcmunid` int(11) DEFAULT NULL,
  `twardno` int(5) DEFAULT NULL,
  `tcity` varchar(50) CHARACTER SET utf8 DEFAULT NULL,
  `ttole` varchar(50) CHARACTER SET utf8 DEFAULT NULL,
  `citizenshipNo` varchar(30) CHARACTER SET utf8 DEFAULT NULL,
  `citizenshipIssuedFrom` int(11) DEFAULT NULL,
  `telno` varchar(10) CHARACTER SET utf8 DEFAULT NULL,
  `mobno` varchar(10) CHARACTER SET utf8 DEFAULT NULL,
  `fatherName` varchar(50) CHARACTER SET utf8 DEFAULT NULL,
  `spouseName` varchar(50) CHARACTER SET utf8 DEFAULT NULL,
  `dob` varchar(10) CHARACTER SET utf8 DEFAULT NULL,
  `typeid` int(11) DEFAULT NULL,
  `statusid` int(11) DEFAULT NULL,
  `inputter` varchar(30) CHARACTER SET utf8 DEFAULT NULL,
  `authorizer` varchar(150) CHARACTER SET utf8 DEFAULT NULL,
  `insertStatus` varchar(20) CHARACTER SET utf8 DEFAULT NULL,
  `updateStatus` varchar(20) CHARACTER SET utf8 DEFAULT NULL,
  `delStatus` varchar(20) CHARACTER SET utf8 DEFAULT NULL
) ENGINE=InnoDB DEFAULT CHARSET=latin1;

--
-- Dumping data for table `customertbl`
--

INSERT INTO `customertbl` (`pid`, `memberid`, `registrationDate`, `name`, `gender`, `pdistid`, `pvdcmunid`, `pwardno`, `pcity`, `ptole`, `tdistid`, `tvdcmunid`, `twardno`, `tcity`, `ttole`, `citizenshipNo`, `citizenshipIssuedFrom`, `telno`, `mobno`, `fatherName`, `spouseName`, `dob`, `typeid`, `statusid`, `inputter`, `authorizer`, `insertStatus`, `updateStatus`, `delStatus`) VALUES
(66, '123', '20171111', 'fds', 'f', 4, 10405, '5', '123', '12', 2, 10201, 1, '21', '123', 'fsadf', 1, 'fsd', 'f', 'fds', 'fdsf', '20', 1, 0, 'shishir', 'abc', 'abc', 'abc', 'abc'),
(70, '1234', '', '', 'm', 0, 0, '0', '', '', 0, 0, 0, '', '', '', 0, '', '', '', '', '', 0, 0, 'admin', 'abc', 'abc', 'abc', 'abc'),
(0, '12345', '', '123', 'm', 0, 0, '0', '', '', 0, 0, 0, '', '', '', 0, '', '', '', '', '', 0, 0, 'shishir', 'abc', 'abc', 'abc', 'abc'),
(0, '1231231', '', '', 'm', 0, 0, '0', '', '', 0, 0, 0, '', '', '', 0, '', '', '', '', '', 0, 0, 'admin', 'abc', 'abc', 'abc', 'abc'),
(0, '123456789', '', '', 'm', 0, 0, '0', '', '', 0, 0, 0, '', '', '', 0, '', '', '', '', '', 0, 0, 'admin', 'abc', 'abc', 'abc', 'abc');

-- --------------------------------------------------------

--
-- Table structure for table `districtcodes`
--

CREATE TABLE IF NOT EXISTS `districtcodes` (
  `DistrictCode` int(11) NOT NULL DEFAULT '0',
  `DistrictName` varchar(35) DEFAULT NULL
) ENGINE=InnoDB DEFAULT CHARSET=latin1;

--
-- Dumping data for table `districtcodes`
--

INSERT INTO `districtcodes` (`DistrictCode`, `DistrictName`) VALUES
(1, 'Taplejung'),
(2, 'Panchthar'),
(3, 'Ilam'),
(4, 'Jhapa'),
(5, 'Sankhuwasabha'),
(6, 'Terhathum'),
(7, 'Bhojpur'),
(8, 'Dhankuta'),
(9, 'Morang'),
(10, 'Sunsari'),
(11, 'Solukhumbu'),
(12, 'Khotang'),
(13, 'Okhaldhunga'),
(14, 'Udayapur'),
(15, 'Saptari'),
(16, 'Siraha'),
(17, 'Dolakha'),
(18, 'Ramechhap'),
(19, 'Sindhuli'),
(20, 'Dhanusha'),
(21, 'Mahottari'),
(22, 'Sarlahi'),
(23, 'Rasuwa'),
(24, 'Dhading'),
(25, 'Nuwakot'),
(26, 'Kathmandu'),
(27, 'Bhaktapur'),
(28, 'Lalitpur'),
(29, 'Kavrepalanchowk'),
(30, 'Sindhupalchowk'),
(31, 'Makwanpur'),
(32, 'Rautahat'),
(33, 'Bara'),
(34, 'Parsa'),
(35, 'Chitwan'),
(36, 'Gorkha'),
(37, 'Manang'),
(38, 'Lamjung'),
(39, 'Kaski'),
(40, 'Tanahun'),
(41, 'Syangja'),
(42, 'Gulmi'),
(43, 'Palpa'),
(44, 'Arghakhanchi'),
(45, 'Nawalparasi'),
(46, 'Rupandehi'),
(47, 'Kapilvastu'),
(48, 'Mustang'),
(49, 'Myagdi'),
(50, 'Baglung'),
(51, 'Parbat'),
(52, 'Rukum'),
(53, 'Rolpa'),
(54, 'Pyuthan'),
(55, 'Salyan'),
(56, 'Dang'),
(57, 'Dolpa'),
(58, 'Mugu'),
(59, 'Jumla'),
(60, 'Kalikot'),
(61, 'Humla'),
(62, 'Jajarkot'),
(63, 'Dailekh'),
(64, 'Surkhet'),
(65, 'Banke'),
(66, 'Bardiya'),
(67, 'Bajura'),
(68, 'Achham'),
(69, 'Bajhang'),
(70, 'Doti'),
(71, 'Kailali'),
(72, 'Darchula'),
(73, 'Baitadi'),
(74, 'Dadeldhura'),
(75, 'Kanchanpur');

-- --------------------------------------------------------

--
-- Table structure for table `familydetail`
--

CREATE TABLE IF NOT EXISTS `familydetail` (
  `id` int(11) NOT NULL DEFAULT '0',
  `pid` int(11) DEFAULT NULL,
  `cusRelation` varchar(20) CHARACTER SET utf8 NOT NULL,
  `cusRelName` varchar(50) CHARACTER SET utf8 NOT NULL,
  `dateOfBirth` varchar(10) CHARACTER SET utf8 DEFAULT NULL,
  `citizenshipNo` varchar(30) CHARACTER SET utf8 DEFAULT NULL,
  `remarks` varchar(30) CHARACTER SET utf8 DEFAULT NULL,
  `inputter` varchar(50) CHARACTER SET utf8 DEFAULT NULL,
  `authorizer` varchar(150) CHARACTER SET utf8 DEFAULT NULL
) ENGINE=InnoDB DEFAULT CHARSET=latin1;

--
-- Dumping data for table `familydetail`
--

INSERT INTO `familydetail` (`id`, `pid`, `cusRelation`, `cusRelName`, `dateOfBirth`, `citizenshipNo`, `remarks`, `inputter`, `authorizer`) VALUES
(33, 70, 'son', '', '', '', '', 'admin', 'abc'),
(34, 70, 'son', '123', '12', '12', '12', 'shishir', 'abc'),
(35, 70, 'son', 'jlkj', 'jlk', 'jlk', 'jlk', 'shishir', 'abc'),
(36, 70, 'son', 'fs', 'fsda', 'fds', 'fsd', 'shishir', 'abc'),
(0, 70, 'son', '', '', '', '', 'admin', 'abc'),
(0, 70, 'son', '', '', '', '', 'admin', 'abc'),
(0, 70, 'son', '', '', '', '', 'admin', 'abc'),
(0, 70, 'son', '', '', '', '', 'admin', 'abc'),
(0, 70, 'son', '1231', 'ff', 'dd', 'd', 'admin', 'abc'),
(0, 70, 'son', '12', '12', '12', '12', 'admin', 'abc');

-- --------------------------------------------------------

--
-- Table structure for table `files`
--

CREATE TABLE IF NOT EXISTS `files` (
  `Pid` int(11) NOT NULL,
  `file_name` varchar(64) NOT NULL,
  `file_size` mediumint(8) unsigned NOT NULL,
  `file` mediumblob NOT NULL
) ENGINE=InnoDB DEFAULT CHARSET=utf8;

--
-- Dumping data for table `files`
--

INSERT INTO `files` (`Pid`, `file_name`, `file_size`, `file`) VALUES
(1, '0001.jpg', 25839, 0xffd8ffe000104a4649460001020100a000a00000ffe10e2745786966000049492a00080000000b000e0102000b000000920000000f010200060000009d0000001001020006000000a30000001201030001000000010000001a01050001000000a90000001b01050001000000b10000002801030001000000020000003101020014000000b90000003201020014000000cd0000001302030001000000020000006987040001000000e40000005403000020202020202020202020004e494b4f4e00453433303000a000000001000000a00000000100000041646f62652050686f746f73686f7020372e3000323030353a31323a30312032313a35303a31320000000021009a82050001000000760200009d820500010000007e02000022880300010000000200000027880300010000009001000000900700040000003032323003900200140000008602000004900200140000009a0200000191070004000000010203000291050001000000ae02000004920a0001000000b60200000592050001000000be0200000792030001000000050000000892030001000000000000000992030001000000100000000a92050001000000c6020000869207007d000000ce02000000a00700040000003031303001a00300010000000100000002a0040001000000f000000003a00400010000004001000000a30700010000000300000001a30700010000000100000001a40300010000000000000002a40300010000000000000003a40300010000000000000004a40500010000004b03000005a40300010000006100000006a40300010000000000000007a40300010000000100000008a40300010000000000000009a4030001000000000000000aa4030001000000000000000ca403000100000000000000000000000a000000210000002e0000000a000000323030363a31323a30312031363a32363a323200323030363a31323a30312031363a32363a3232000400000001000000000000000a0000001e0000000a000000cd0000000a000000000000000000000020202020202020202020202020202020202020202020202020202020202020202020202020202020202020202020202020202020202020202020202020202020202020202020202020202020202020202020202020202020202020202020202020202020202020202020202020202020202020202000000000640000000006000301030001000000060000001a01050001000000a20300001b01050001000000aa0300002801030001000000020000000102040001000000b203000002020400010000006d0a00000000000048000000010000004800000001000000ffd8ffe000104a46494600010201004800480000ffed000c41646f62655f434d0001ffee000e41646f626500648000000001ffdb0084000c08080809080c09090c110b0a0b11150f0c0c0f1518131315131318110c0c0c0c0c0c110c0c0c0c0c0c0c0c0c0c0c0c0c0c0c0c0c0c0c0c0c0c0c0c0c0c0c0c010d0b0b0d0e0d100e0e10140e0e0e14140e0e0e0e14110c0c0c0c0c11110c0c0c0c0c0c110c0c0c0c0c0c0c0c0c0c0c0c0c0c0c0c0c0c0c0c0c0c0c0c0c0c0c0cffc00011080080006003012200021101031101ffdd00040006ffc4013f0000010501010101010100000000000000030001020405060708090a0b0100010501010101010100000000000000010002030405060708090a0b1000010401030204020507060805030c33010002110304211231054151611322718132061491a1b14223241552c16233347282d14307259253f0e1f163733516a2b283264493546445c2a3743617d255e265f2b384c3d375e3f3462794a485b495c4d4e4f4a5b5c5d5e5f55666768696a6b6c6d6e6f637475767778797a7b7c7d7e7f711000202010204040304050607070605350100021103213112044151617122130532819114a1b14223c152d1f0332462e1728292435315637334f1250616a2b283072635c2d2449354a317644555367465e2f2b384c3d375e3f34694a485b495c4d4e4f4a5b5c5d5e5f55666768696a6b6c6d6e6f62737475767778797a7b7c7ffda000c03010002110311003f00ed13a446a9e12532d213e898052009d00f3494b0092e7ba9fd79e818193f641955d96374b2d687db5b0f76feacd77ad6b7fd15767fd72b5cf7fe3846dce6b77dd6e03011fa18a6d713b9bea6431bfcdd8cf6594d553fd1f4ff0096929f4382394970389f5e0615973765d914d877d25dabd9ba77fa8c018cb58d77e9bf43f43f99fd22eb3a475dc1ea550f4af0f7b74dce6fa65e396d9b1fb76ef67eea4a744a8f7442d3f7ea3cc79281494a0a43951060a93790929fffd0edc84a13c7de992532d04ce800927c82f31facdf5b5fd5b22ca2b79fd9153b68a1bba2f78d5bea06ed7e47bbe855bbd2fdf5d17f8c4fac76748e94cc2c571af2fa8b5c0da39ae86c36e2cff85be7d067ee7e917933731cd3207688981b4e9b07f236a4a7618eb2cf76d6b183e9b6c6c35b1f9ad03d3af6a0dd93860801cc2e8886071027f35aedaff6a863e4dfb3d4756cb6ae36b4eadfec869daa0e75601b2a1abfe90730120fee87cb5c92298965be9fda6a8a2b0f0dddbc8d4fe76cf77b7f795dc2ea7918cf61c98ccc6a4ec7d525ae6b5e4b9fe8077b376efd333fe1955c78b31721b01a5845a2664169f76dfecbbddbd473320fb5cc2d2d2011de3bf74d1649f02b88aaf17d53a265e355d259d53a55aeb7198ddf9f82d9da40fe91958943e7ecb938cd6baf7e3d1fa1ccafd4affa47a562e9fda402d21cd76ad70d4107e8b9bfd65e25f563eb0756e979a061d6329b7c87629d3d430efa0f6fbbd56fe67eff00f37b1ebd87a11c37743e9ff61b46462b31ebae9b848dcdadbe97d177b98edccdafaddfcd7f369c86d110549bc8f8a4e00a66720781494fffd1ee3cd2512e4db9053e6ffe366d79ea187416b834d0d707f0d710ebb737fad57a9ff822e2b1f18ee1bdba1d3e4bb0ff001a76d8eeb98cc277555e0b4b2b8e0bedb7d577f6b6ae73a360559f613603b1844335f71feb4a129088b2ba10323418b7a6e4d93660d575b07e9d525dff008185769e81d5ac1bbd1c9de74797011cfeed8bb9e935b2aa5a18dd9b7e8b5a207fd15aed97083a9f3501e609e819c6088dc92f9b51d033b1dc7d50e6b5c46e61890276bb77f6565f55c734d8da0e8634769124fd1f6ffdf97aa6651ea57b4831e1e6b9aeadd02ac91639a08bcead13ed9fa5a8feb26c33d4bd5d532c40c74e8f138d55d49f55ed863413ee12d247f37fe6bd7abff8bab83fa25d4b438555e417e39710659632bdfb7ff42597fd3ff48bca6fa6faec7d59134df568f64fe6ff00667fe8af60fa93d2ade97f57716bc96eccab5a6cb5bb83a0173df435ae6ee6ff0034ff0053feb8addf56a914ef79a68f703e613a4391f10929ffd2ec1ceee9b7a838ca86ed420972feb5741c6eb9d3765c1feb62eeb31dec711b41daec88aff9bb1f6575fb77ae27eafe358cc70d105d5d8e6b9c663faffe66d5e981d064765c9330bf67f5dcbc788a2f22cabfaa5a07fe61fd85067be1f067e5c8b3dff62d4f537517558d5641beebb69a98ea3687871756df41ed2df5bdf5d8ddd5b2cfa0b6f172cdf8eeb4000b6411e0421d7d3e861658c6b775608ade5a0b9ad3f4d9539c0babdffc851c005d5e4174fe91c4b8789955e446957b6acc01d6e8f66867f57b30df51cbb2d6d7904b6815b1a37b81635cd6bbe939ff00a567b15b157a85e7de3d225af6bc090e076b9bb87d257a8c66d8d65a798820c6b1eddffc976d4f942ba71dc1a2072612970f08add1ad9d5e3b1feadb7a9f57b72ae6efa6cbc5079e18ead960aff7b7b7f46efdc5e9adaebad82ba9a19556032b63786b5bed635bfd56ac1e81d3adc7836ee06a2e73daeff4af2e71dadfcdf4f7bbdffbeb743bc55bc37c3af7a1e51f4b5b2d5e9e67fc2653aea9c723e2a2526ba085231bffd3ea3710a24ea9dc530d5352b82aa756c6f5715d6b19bafa61ed3f9db5a7f4ad6ffd6d5c689e35f829ba9b4d64b4448e7f8a063c408217c38b8811ddcdc6ca6ba9d3b8d0a0625e691652d2d359fce8333f9ded553a831dd3720576565b897ff317807d36b8f38f63ff00c13ff3a9de9b1ba5d24bec15d4f2f333607123f1550e3e12448d37080ece33dac644883a98103fb2d50b9bf6ab998edfcf7093fc96fbacff00a2b3d98b5e1695801c7f7663fccfa2b47a09b2fbf2ac701b2b0d635f07e91dc6cadbf9bedfd1ef4b1c04a605e9fc1691a3ae082498893254945cd7b0fbbb9e4709c18575a4411baf242907024428ca5dc7c5243fffd4e99c7f147aa86c491bc9e67403e01471e9dcc173b873a183cbf795f630064f748067c78f4b211359a6d881e08ed6e9093400242784e660d5cde998d9941c7c8a9b7d0e23754e98d087b3e891f45ed5927eae5543631726fc660f77a3a3d9c6b4d2db1ae7d5eef77f3aba29296e4d94632dc5ae122e0b3a08738b6cc8b2d1112c01933ddaef7edd8dfcd5b346357456daab68aeaac4318de11777828926128c231f9452096360dc7e0866b3c84584b684569883a16bcebe7dd26bb51f153b9ba6e1ccc0f9a083ee1f14d21ad387097fffd5ed8b5a3656346b469e503445a9f2dd791a11e6833ef1f03f89483b659e4fe7e23e8a2dfa48c741737c0e9f02880e8aa87fe94f9ff047dc8aa9993096e43253ca4aa67b92250c94e1c0fc5042e1f27c94909fa6a126d8084955d577ead33c2158cdaf69f1fcaa44c877c54ac1b847cfe6122b271e2047d43fffd6ec37c5c5be034f9a866bdcda2c7b7573585cdf370f7347f9c99d2e21cdd5cdd23c41542fea95bba9e3f4c63773ee0fb2d776636b6fa8d69fe5d8fdbed45d0ecdcf581731dc19820f6242b61da2a36c487770e0acb5fa24929b725b90b72b74d15bea6b893246a81639c84459425cee7b113fc144d906513d276f35ce8261d1c8d3547fb3b3d270264c487478256839623c6dac5db9b21083a3e699aeda7c8f099c7dc022c83434918efa5f15373e0172af4196978fcf739df29f6a5759ef65639264fc024a03d4ff00ffd9ffed104450686f746f73686f7020332e30003842494d04040000000000161c0200000200021c0278000a202020202020202020203842494d04250000000000106258b5f97463c8321bb7dfaf1fbd3b343842494d03ed00000000001000a000000001000100a00000000100013842494d042600000000000e000000000000000000003f8000003842494d040d0000000000040000001e3842494d04190000000000040000001e3842494d03f3000000000009000000000000000001003842494d040a00000000000100003842494d271000000000000a000100000000000000013842494d03f5000000000048002f66660001006c66660006000000000001002f6666000100a1999a0006000000000001003200000001005a00000006000000000001003500000001002d000000060000000000013842494d03f80000000000700000ffffffffffffffffffffffffffffffffffffffffffff03e800000000ffffffffffffffffffffffffffffffffffffffffffff03e800000000ffffffffffffffffffffffffffffffffffffffffffff03e800000000ffffffffffffffffffffffffffffffffffffffffffff03e800003842494d0408000000000010000000010000024000000240000000003842494d041e000000000004000000003842494d041a00000000034100000006000000000000000000000140000000f0000000060041007900750073006800610000000100000000000000000000000000000000000000010000000000000000000000f00000014000000000000000000000000000000000010000000000000000000000000000000000000010000000010000000000006e756c6c0000000200000006626f756e64734f626a6300000001000000000000526374310000000400000000546f70206c6f6e6700000000000000004c6566746c6f6e67000000000000000042746f6d6c6f6e670000014000000000526768746c6f6e67000000f000000006736c69636573566c4c73000000014f626a6300000001000000000005736c6963650000001200000007736c69636549446c6f6e67000000000000000767726f757049446c6f6e6700000000000000066f726967696e656e756d0000000c45536c6963654f726967696e0000000d6175746f47656e6572617465640000000054797065656e756d0000000a45536c6963655479706500000000496d672000000006626f756e64734f626a6300000001000000000000526374310000000400000000546f70206c6f6e6700000000000000004c6566746c6f6e67000000000000000042746f6d6c6f6e670000014000000000526768746c6f6e67000000f00000000375726c54455854000000010000000000006e756c6c54455854000000010000000000004d7367655445585400000001000000000006616c74546167544558540000000100000000000e63656c6c54657874497348544d4c626f6f6c010000000863656c6c546578745445585400000001000000000009686f727a416c69676e656e756d0000000f45536c696365486f727a416c69676e0000000764656661756c740000000976657274416c69676e656e756d0000000f45536c69636556657274416c69676e0000000764656661756c740000000b6267436f6c6f7254797065656e756d0000001145536c6963654247436f6c6f7254797065000000004e6f6e6500000009746f704f75747365746c6f6e67000000000000000a6c6566744f75747365746c6f6e67000000000000000c626f74746f6d4f75747365746c6f6e67000000000000000b72696768744f75747365746c6f6e6700000000003842494d0414000000000004000000013842494d040c000000000a89000000010000006000000080000001200000900000000a6d00180001ffd8ffe000104a46494600010201004800480000ffed000c41646f62655f434d0001ffee000e41646f626500648000000001ffdb0084000c08080809080c09090c110b0a0b11150f0c0c0f1518131315131318110c0c0c0c0c0c110c0c0c0c0c0c0c0c0c0c0c0c0c0c0c0c0c0c0c0c0c0c0c0c0c0c0c0c010d0b0b0d0e0d100e0e10140e0e0e14140e0e0e0e14110c0c0c0c0c11110c0c0c0c0c0c110c0c0c0c0c0c0c0c0c0c0c0c0c0c0c0c0c0c0c0c0c0c0c0c0c0c0c0cffc00011080080006003012200021101031101ffdd00040006ffc4013f0000010501010101010100000000000000030001020405060708090a0b0100010501010101010100000000000000010002030405060708090a0b1000010401030204020507060805030c33010002110304211231054151611322718132061491a1b14223241552c16233347282d14307259253f0e1f163733516a2b283264493546445c2a3743617d255e265f2b384c3d375e3f3462794a485b495c4d4e4f4a5b5c5d5e5f55666768696a6b6c6d6e6f637475767778797a7b7c7d7e7f711000202010204040304050607070605350100021103213112044151617122130532819114a1b14223c152d1f0332462e1728292435315637334f1250616a2b283072635c2d2449354a317644555367465e2f2b384c3d375e3f34694a485b495c4d4e4f4a5b5c5d5e5f55666768696a6b6c6d6e6f62737475767778797a7b7c7ffda000c03010002110311003f00ed13a446a9e12532d213e898052009d00f3494b0092e7ba9fd79e818193f641955d96374b2d687db5b0f76feacd77ad6b7fd15767fd72b5cf7fe3846dce6b77dd6e03011fa18a6d713b9bea6431bfcdd8cf6594d553fd1f4ff0096929f4382394970389f5e0615973765d914d877d25dabd9ba77fa8c018cb58d77e9bf43f43f99fd22eb3a475dc1ea550f4af0f7b74dce6fa65e396d9b1fb76ef67eea4a744a8f7442d3f7ea3cc79281494a0a43951060a93790929fffd0edc84a13c7de992532d04ce800927c82f31facdf5b5fd5b22ca2b79fd9153b68a1bba2f78d5bea06ed7e47bbe855bbd2fdf5d17f8c4fac76748e94cc2c571af2fa8b5c0da39ae86c36e2cff85be7d067ee7e917933731cd3207688981b4e9b07f236a4a7618eb2cf76d6b183e9b6c6c35b1f9ad03d3af6a0dd93860801cc2e8886071027f35aedaff6a863e4dfb3d4756cb6ae36b4eadfec869daa0e75601b2a1abfe90730120fee87cb5c92298965be9fda6a8a2b0f0dddbc8d4fe76cf77b7f795dc2ea7918cf61c98ccc6a4ec7d525ae6b5e4b9fe8077b376efd333fe1955c78b31721b01a5845a2664169f76dfecbbddbd473320fb5cc2d2d2011de3bf74d1649f02b88aaf17d53a265e355d259d53a55aeb7198ddf9f82d9da40fe91958943e7ecb938cd6baf7e3d1fa1ccafd4affa47a562e9fda402d21cd76ad70d4107e8b9bfd65e25f563eb0756e979a061d6329b7c87629d3d430efa0f6fbbd56fe67eff00f37b1ebd87a11c37743e9ff61b46462b31ebae9b848dcdadbe97d177b98edccdafaddfcd7f369c86d110549bc8f8a4e00a66720781494fffd1ee3cd2512e4db9053e6ffe366d79ea187416b834d0d707f0d710ebb737fad57a9ff822e2b1f18ee1bdba1d3e4bb0ff001a76d8eeb98cc277555e0b4b2b8e0bedb7d577f6b6ae73a360559f613603b1844335f71feb4a129088b2ba10323418b7a6e4d93660d575b07e9d525dff008185769e81d5ac1bbd1c9de74797011cfeed8bb9e935b2aa5a18dd9b7e8b5a207fd15aed97083a9f3501e609e819c6088dc92f9b51d033b1dc7d50e6b5c46e61890276bb77f6565f55c734d8da0e8634769124fd1f6ffdf97aa6651ea57b4831e1e6b9aeadd02ac91639a08bcead13ed9fa5a8feb26c33d4bd5d532c40c74e8f138d55d49f55ed863413ee12d247f37fe6bd7abff8bab83fa25d4b438555e417e39710659632bdfb7ff42597fd3ff48bca6fa6faec7d59134df568f64fe6ff00667fe8af60fa93d2ade97f57716bc96eccab5a6cb5bb83a0173df435ae6ee6ff0034ff0053feb8addf56a914ef79a68f703e613a4391f10929ffd2ec1ceee9b7a838ca86ed420972feb5741c6eb9d3765c1feb62eeb31dec711b41daec88aff9bb1f6575fb77ae27eafe358cc70d105d5d8e6b9c663faffe66d5e981d064765c9330bf67f5dcbc788a2f22cabfaa5a07fe61fd85067be1f067e5c8b3dff62d4f537517558d5641beebb69a98ea3687871756df41ed2df5bdf5d8ddd5b2cfa0b6f172cdf8eeb4000b6411e0421d7d3e861658c6b775608ade5a0b9ad3f4d9539c0babdffc851c005d5e4174fe91c4b8789955e446957b6acc01d6e8f66867f57b30df51cbb2d6d7904b6815b1a37b81635cd6bbe939ff00a567b15b157a85e7de3d225af6bc090e076b9bb87d257a8c66d8d65a798820c6b1eddffc976d4f942ba71dc1a2072612970f08add1ad9d5e3b1feadb7a9f57b72ae6efa6cbc5079e18ead960aff7b7b7f46efdc5e9adaebad82ba9a19556032b63786b5bed635bfd56ac1e81d3adc7836ee06a2e73daeff4af2e71dadfcdf4f7bbdffbeb743bc55bc37c3af7a1e51f4b5b2d5e9e67fc2653aea9c723e2a2526ba085231bffd3ea3710a24ea9dc530d5352b82aa756c6f5715d6b19bafa61ed3f9db5a7f4ad6ffd6d5c689e35f829ba9b4d64b4448e7f8a063c408217c38b8811ddcdc6ca6ba9d3b8d0a0625e691652d2d359fce8333f9ded553a831dd3720576565b897ff317807d36b8f38f63ff00c13ff3a9de9b1ba5d24bec15d4f2f333607123f1550e3e12448d37080ece33dac644883a98103fb2d50b9bf6ab998edfcf7093fc96fbacff00a2b3d98b5e1695801c7f7663fccfa2b47a09b2fbf2ac701b2b0d635f07e91dc6cadbf9bedfd1ef4b1c04a605e9fc1691a3ae082498893254945cd7b0fbbb9e4709c18575a4411baf242907024428ca5dc7c5243fffd4e99c7f147aa86c491bc9e67403e01471e9dcc173b873a183cbf795f630064f748067c78f4b211359a6d881e08ed6e9093400242784e660d5cde998d9941c7c8a9b7d0e23754e98d087b3e891f45ed5927eae5543631726fc660f77a3a3d9c6b4d2db1ae7d5eef77f3aba29296e4d94632dc5ae122e0b3a08738b6cc8b2d1112c01933ddaef7edd8dfcd5b346357456daab68aeaac4318de11777828926128c231f9452096360dc7e0866b3c84584b684569883a16bcebe7dd26bb51f153b9ba6e1ccc0f9a083ee1f14d21ad387097fffd5ed8b5a3656346b469e503445a9f2dd791a11e6833ef1f03f89483b659e4fe7e23e8a2dfa48c741737c0e9f02880e8aa87fe94f9ff047dc8aa9993096e43253ca4aa67b92250c94e1c0fc5042e1f27c94909fa6a126d8084955d577ead33c2158cdaf69f1fcaa44c877c54ac1b847cfe6122b271e2047d43fffd6ec37c5c5be034f9a866bdcda2c7b7573585cdf370f7347f9c99d2e21cdd5cdd23c41542fea95bba9e3f4c63773ee0fb2d776636b6fa8d69fe5d8fdbed45d0ecdcf581731dc19820f6242b61da2a36c487770e0acb5fa24929b725b90b72b74d15bea6b893246a81639c84459425cee7b113fc144d906513d276f35ce8261d1c8d3547fb3b3d270264c487478256839623c6dac5db9b21083a3e699aeda7c8f099c7dc022c83434918efa5f15373e0172af4196978fcf739df29f6a5759ef65639264fc024a03d4ff00ffd9003842494d042100000000005500000001010000000f00410064006f00620065002000500068006f0074006f00730068006f00700000001300410064006f00620065002000500068006f0074006f00730068006f007000200037002e003000000001003842494d04060000000000070002000000010100ffe11552687474703a2f2f6e732e61646f62652e636f6d2f7861702f312e302f003c3f787061636b657420626567696e3d27efbbbf272069643d2757354d304d7043656869487a7265537a4e54637a6b633964273f3e0a3c3f61646f62652d7861702d66696c74657273206573633d224352223f3e0a3c783a7861706d65746120786d6c6e733a783d2761646f62653a6e733a6d6574612f2720783a786170746b3d27584d5020746f6f6c6b697420322e382e322d33332c206672616d65776f726b20312e35273e0a3c7264663a52444620786d6c6e733a7264663d27687474703a2f2f7777772e77332e6f72672f313939392f30322f32322d7264662d73796e7461782d6e73232720786d6c6e733a69583d27687474703a2f2f6e732e61646f62652e636f6d2f69582f312e302f273e0a0a203c7264663a4465736372697074696f6e2061626f75743d27757569643a33366465643131382d363238342d313164612d396463662d643031343930653731333331270a2020786d6c6e733a7064663d27687474703a2f2f6e732e61646f62652e636f6d2f7064662f312e332f273e0a20203c212d2d207064663a5375626a65637420697320616c6961736564202d2d3e0a203c2f7264663a4465736372697074696f6e3e0a0a203c7264663a4465736372697074696f6e2061626f75743d27757569643a33366465643131382d363238342d313164612d396463662d643031343930653731333331270a2020786d6c6e733a70686f746f73686f703d27687474703a2f2f6e732e61646f62652e636f6d2f70686f746f73686f702f312e302f273e0a20203c212d2d2070686f746f73686f703a43617074696f6e20697320616c6961736564202d2d3e0a203c2f7264663a4465736372697074696f6e3e0a0a203c7264663a4465736372697074696f6e2061626f75743d27757569643a33366465643131382d363238342d313164612d396463662d643031343930653731333331270a2020786d6c6e733a7861703d27687474703a2f2f6e732e61646f62652e636f6d2f7861702f312e302f273e0a20203c212d2d207861703a4465736372697074696f6e20697320616c6961736564202d2d3e0a203c2f7264663a4465736372697074696f6e3e0a0a203c7264663a4465736372697074696f6e2061626f75743d27757569643a33366465643131382d363238342d313164612d396463662d643031343930653731333331270a2020786d6c6e733a7861704d4d3d27687474703a2f2f6e732e61646f62652e636f6d2f7861702f312e302f6d6d2f273e0a20203c7861704d4d3a446f63756d656e7449443e61646f62653a646f6369643a70686f746f73686f703a61356563623130352d383035662d313164622d396333342d6433343866353337613037323c2f7861704d4d3a446f63756d656e7449443e0a203c2f7264663a4465736372697074696f6e3e0a0a203c7264663a4465736372697074696f6e2061626f75743d27757569643a33366465643131382d363238342d313164612d396463662d643031343930653731333331270a2020786d6c6e733a64633d27687474703a2f2f7075726c2e6f72672f64632f656c656d656e74732f312e312f273e0a20203c64633a6465736372697074696f6e3e0a2020203c7264663a416c743e0a202020203c7264663a6c6920786d6c3a6c616e673d27782d64656661756c74273e202020202020202020203c2f7264663a6c693e0a2020203c2f7264663a416c743e0a20203c2f64633a6465736372697074696f6e3e0a203c2f7264663a4465736372697074696f6e3e0a0a3c2f7264663a5244463e0a3c2f783a7861706d6574613e0a202020202020202020202020202020202020202020202020202020202020202020202020202020202020202020202020202020202020202020202020202020202020202020202020202020202020202020202020202020202020202020202020202020200a202020202020202020202020202020202020202020202020202020202020202020202020202020202020202020202020202020202020202020202020202020202020202020202020202020202020202020202020202020202020202020202020202020200a202020202020202020202020202020202020202020202020202020202020202020202020202020202020202020202020202020202020202020202020202020202020202020202020202020202020202020202020202020202020202020202020202020200a202020202020202020202020202020202020202020202020202020202020202020202020202020202020202020202020202020202020202020202020202020202020202020202020202020202020202020202020202020202020202020202020202020200a202020202020202020202020202020202020202020202020202020202020202020202020202020202020202020202020202020202020202020202020202020202020202020202020202020202020202020202020202020202020202020202020202020200a202020202020202020202020202020202020202020202020202020202020202020202020202020202020202020202020202020202020202020202020202020202020202020202020202020202020202020202020202020202020202020202020202020200a202020202020202020202020202020202020202020202020202020202020202020202020202020202020202020202020202020202020202020202020202020202020202020202020202020202020202020202020202020202020202020202020202020200a202020202020202020202020202020202020202020202020202020202020202020202020202020202020202020202020202020202020202020202020202020202020202020202020202020202020202020202020202020202020202020202020202020200a202020202020202020202020202020202020202020202020202020202020202020202020202020202020202020202020202020202020202020202020202020202020202020202020202020202020202020202020202020202020202020202020202020200a202020202020202020202020202020202020202020202020202020202020202020202020202020202020202020202020202020202020202020202020202020202020202020202020202020202020202020202020202020202020202020202020202020200a202020202020202020202020202020202020202020202020202020202020202020202020202020202020202020202020202020202020202020202020202020202020202020202020202020202020202020202020202020202020202020202020202020200a202020202020202020202020202020202020202020202020202020202020202020202020202020202020202020202020202020202020202020202020202020202020202020202020202020202020202020202020202020202020202020202020202020200a202020202020202020202020202020202020202020202020202020202020202020202020202020202020202020202020202020202020202020202020202020202020202020202020202020202020202020202020202020202020202020202020202020200a202020202020202020202020202020202020202020202020202020202020202020202020202020202020202020202020202020202020202020202020202020202020202020202020202020202020202020202020202020202020202020202020202020200a202020202020202020202020202020202020202020202020202020202020202020202020202020202020202020202020202020202020202020202020202020202020202020202020202020202020202020202020202020202020202020202020202020200a202020202020202020202020202020202020202020202020202020202020202020202020202020202020202020202020202020202020202020202020202020202020202020202020202020202020202020202020202020202020202020202020202020200a202020202020202020202020202020202020202020202020202020202020202020202020202020202020202020202020202020202020202020202020202020202020202020202020202020202020202020202020202020202020202020202020202020200a202020202020202020202020202020202020202020202020202020202020202020202020202020202020202020202020202020202020202020202020202020202020202020202020202020202020202020202020202020202020202020202020202020200a202020202020202020202020202020202020202020202020202020202020202020202020202020202020202020202020202020202020202020202020202020202020202020202020202020202020202020202020202020202020202020202020202020200a202020202020202020202020202020202020202020202020202020202020202020202020202020202020202020202020202020202020202020202020202020202020202020202020202020202020202020202020202020202020202020202020202020200a202020202020202020202020202020202020202020202020202020202020202020202020202020202020202020202020202020202020202020202020202020202020202020202020202020202020202020202020202020202020202020202020202020200a202020202020202020202020202020202020202020202020202020202020202020202020202020202020202020202020202020202020202020202020202020202020202020202020202020202020202020202020202020202020202020202020202020200a202020202020202020202020202020202020202020202020202020202020202020202020202020202020202020202020202020202020202020202020202020202020202020202020202020202020202020202020202020202020202020202020202020200a202020202020202020202020202020202020202020202020202020202020202020202020202020202020202020202020202020202020202020202020202020202020202020202020202020202020202020202020202020202020202020202020202020200a202020202020202020202020202020202020202020202020202020202020202020202020202020202020202020202020202020202020202020202020202020202020202020202020202020202020202020202020202020202020202020202020202020200a202020202020202020202020202020202020202020202020202020202020202020202020202020202020202020202020202020202020202020202020202020202020202020202020202020202020202020202020202020202020202020202020202020200a202020202020202020202020202020202020202020202020202020202020202020202020202020202020202020202020202020202020202020202020202020202020202020202020202020202020202020202020202020202020202020202020202020200a202020202020202020202020202020202020202020202020202020202020202020202020202020202020202020202020202020202020202020202020202020202020202020202020202020202020202020202020202020202020202020202020202020200a202020202020202020202020202020202020202020202020202020202020202020202020202020202020202020202020202020202020202020202020202020202020202020202020202020202020202020202020202020202020202020202020202020200a202020202020202020202020202020202020202020202020202020202020202020202020202020202020202020202020202020202020202020202020202020202020202020202020202020202020202020202020202020202020202020202020202020200a202020202020202020202020202020202020202020202020202020202020202020202020202020202020202020202020202020202020202020202020202020202020202020202020202020202020202020202020202020202020202020202020202020200a202020202020202020202020202020202020202020202020202020202020202020202020202020202020202020202020202020202020202020202020202020202020202020202020202020202020202020202020202020202020202020202020202020200a202020202020202020202020202020202020202020202020202020202020202020202020202020202020202020202020202020202020202020202020202020202020202020202020202020202020202020202020202020202020202020202020202020200a202020202020202020202020202020202020202020202020202020202020202020202020202020202020202020202020202020202020202020202020202020202020202020202020202020202020202020202020202020202020202020202020202020200a202020202020202020202020202020202020202020202020202020202020202020202020202020202020202020202020202020202020202020202020202020202020202020202020202020202020202020202020202020202020202020202020202020200a202020202020202020202020202020202020202020202020202020202020202020202020202020202020202020202020202020202020202020202020202020202020202020202020202020202020202020202020202020202020202020202020202020200a202020202020202020202020202020202020202020202020202020202020202020202020202020202020202020202020202020202020202020202020202020202020202020202020202020202020202020202020202020202020202020202020202020200a202020202020202020202020202020202020202020202020202020202020202020202020202020202020202020202020202020202020202020202020202020202020202020202020202020202020202020202020202020202020202020202020202020200a202020202020202020202020202020202020202020202020202020202020202020202020202020202020202020202020202020202020202020202020202020202020202020202020202020202020202020202020202020202020202020202020202020200a202020202020202020202020202020202020202020202020202020202020202020202020202020202020202020202020202020202020202020202020202020202020202020202020202020202020202020202020202020202020202020202020202020200a202020202020202020202020202020202020202020202020202020202020202020202020202020202020202020202020202020202020200a3c3f787061636b657420656e643d2777273f3effe20c584943435f50524f46494c4500010100000c484c696e6f021000006d6e74725247422058595a2007ce00020009000600310000616373704d5346540000000049454320735247420000000000000000000000000000f6d6000100000000d32d4850202000000000000000000000000000000000000000000000000000000000000000000000000000000000000000000000001163707274000001500000003364657363000001840000006c77747074000001f000000014626b707400000204000000147258595a00000218000000146758595a0000022c000000146258595a0000024000000014646d6e640000025400000070646d6464000002c400000088767565640000034c0000008676696577000003d4000000246c756d69000003f8000000146d6561730000040c0000002474656368000004300000000c725452430000043c0000080c675452430000043c0000080c625452430000043c0000080c7465787400000000436f70797269676874202863292031393938204865776c6574742d5061636b61726420436f6d70616e790000646573630000000000000012735247422049454336313936362d322e31000000000000000000000012735247422049454336313936362d322e31000000000000000000000000000000000000000000000000000000000000000000000000000000000000000000000000000058595a20000000000000f35100010000000116cc58595a200000000000000000000000000000000058595a200000000000006fa2000038f50000039058595a2000000000000062990000b785000018da58595a2000000000000024a000000f840000b6cf64657363000000000000001649454320687474703a2f2f7777772e6965632e636800000000000000000000001649454320687474703a2f2f7777772e6965632e63680000000000000000000000000000000000000000000000000000000000000000000000000000000000000000000064657363000000000000002e4945432036313936362d322e312044656661756c742052474220636f6c6f7572207370616365202d207352474200000000000000000000002e4945432036313936362d322e312044656661756c742052474220636f6c6f7572207370616365202d20735247420000000000000000000000000000000000000000000064657363000000000000002c5265666572656e63652056696577696e6720436f6e646974696f6e20696e2049454336313936362d322e3100000000000000000000002c5265666572656e63652056696577696e6720436f6e646974696f6e20696e2049454336313936362d322e31000000000000000000000000000000000000000000000000000076696577000000000013a4fe00145f2e0010cf140003edcc0004130b00035c9e0000000158595a2000000000004c09560050000000571fe76d6561730000000000000001000000000000000000000000000000000000028f0000000273696720000000004352542063757276000000000000040000000005000a000f00140019001e00230028002d00320037003b00400045004a004f00540059005e00630068006d00720077007c00810086008b00900095009a009f00a400a900ae00b200b700bc00c100c600cb00d000d500db00e000e500eb00f000f600fb01010107010d01130119011f0125012b01320138013e0145014c0152015901600167016e0175017c0183018b0192019a01a101a901b101b901c101c901d101d901e101e901f201fa0203020c0214021d0226022f02380241024b0254025d02670271027a0284028e029802a202ac02b602c102cb02d502e002eb02f50300030b03160321032d03380343034f035a03660372037e038a039603a203ae03ba03c703d303e003ec03f9040604130420042d043b0448045504630471047e048c049a04a804b604c404d304e104f004fe050d051c052b053a05490558056705770586059605a605b505c505d505e505f6060606160627063706480659066a067b068c069d06af06c006d106e306f507070719072b073d074f076107740786079907ac07bf07d207e507f8080b081f08320846085a086e0882089608aa08be08d208e708fb09100925093a094f09640979098f09a409ba09cf09e509fb0a110a270a3d0a540a6a0a810a980aae0ac50adc0af30b0b0b220b390b510b690b800b980bb00bc80be10bf90c120c2a0c430c5c0c750c8e0ca70cc00cd90cf30d0d0d260d400d5a0d740d8e0da90dc30dde0df80e130e2e0e490e640e7f0e9b0eb60ed20eee0f090f250f410f5e0f7a0f960fb30fcf0fec1009102610431061107e109b10b910d710f511131131114f116d118c11aa11c911e81207122612451264128412a312c312e31303132313431363138313a413c513e5140614271449146a148b14ad14ce14f01512153415561578159b15bd15e0160316261649166c168f16b216d616fa171d17411765178917ae17d217f7181b18401865188a18af18d518fa19201945196b199119b719dd1a041a2a1a511a771a9e1ac51aec1b141b3b1b631b8a1bb21bda1c021c2a1c521c7b1ca31ccc1cf51d1e1d471d701d991dc31dec1e161e401e6a1e941ebe1ee91f131f3e1f691f941fbf1fea20152041206c209820c420f0211c2148217521a121ce21fb22272255228222af22dd230a23382366239423c223f0241f244d247c24ab24da250925382568259725c725f726272657268726b726e827182749277a27ab27dc280d283f287128a228d429062938296b299d29d02a022a352a682a9b2acf2b022b362b692b9d2bd12c052c392c6e2ca22cd72d0c2d412d762dab2de12e162e4c2e822eb72eee2f242f5a2f912fc72ffe3035306c30a430db3112314a318231ba31f2322a3263329b32d4330d3346337f33b833f1342b3465349e34d83513354d358735c235fd3637367236ae36e937243760379c37d738143850388c38c839053942397f39bc39f93a363a743ab23aef3b2d3b6b3baa3be83c273c653ca43ce33d223d613da13de03e203e603ea03ee03f213f613fa23fe24023406440a640e74129416a41ac41ee4230427242b542f7433a437d43c044034447448a44ce45124555459a45de4622466746ab46f04735477b47c04805484b489148d7491d496349a949f04a374a7d4ac44b0c4b534b9a4be24c2a4c724cba4d024d4a4d934ddc4e254e6e4eb74f004f494f934fdd5027507150bb51065150519b51e65231527c52c75313535f53aa53f65442548f54db5528557555c2560f565c56a956f75744579257e0582f587d58cb591a596959b85a075a565aa65af55b455b955be55c355c865cd65d275d785dc95e1a5e6c5ebd5f0f5f615fb36005605760aa60fc614f61a261f56249629c62f06343639763eb6440649464e9653d659265e7663d669266e8673d679367e9683f689668ec6943699a69f16a486a9f6af76b4f6ba76bff6c576caf6d086d606db96e126e6b6ec46f1e6f786fd1702b708670e0713a719571f0724b72a67301735d73b87414747074cc7528758575e1763e769b76f8775677b37811786e78cc792a798979e77a467aa57b047b637bc27c217c817ce17d417da17e017e627ec27f237f847fe5804780a8810a816b81cd8230829282f4835783ba841d848084e3854785ab860e867286d7873b879f8804886988ce8933899989fe8a648aca8b308b968bfc8c638cca8d318d988dff8e668ece8f368f9e9006906e90d6913f91a89211927a92e3934d93b69420948a94f4955f95c99634969f970a977597e0984c98b89924999099fc9a689ad59b429baf9c1c9c899cf79d649dd29e409eae9f1d9f8b9ffaa069a0d8a147a1b6a226a296a306a376a3e6a456a4c7a538a5a9a61aa68ba6fda76ea7e0a852a8c4a937a9a9aa1caa8fab02ab75abe9ac5cacd0ad44adb8ae2daea1af16af8bb000b075b0eab160b1d6b24bb2c2b338b3aeb425b49cb513b58ab601b679b6f0b768b7e0b859b8d1b94ab9c2ba3bbab5bb2ebba7bc21bc9bbd15bd8fbe0abe84beffbf7abff5c070c0ecc167c1e3c25fc2dbc358c3d4c451c4cec54bc5c8c646c6c3c741c7bfc83dc8bcc93ac9b9ca38cab7cb36cbb6cc35ccb5cd35cdb5ce36ceb6cf37cfb8d039d0bad13cd1bed23fd2c1d344d3c6d449d4cbd54ed5d1d655d6d8d75cd7e0d864d8e8d96cd9f1da76dafbdb80dc05dc8add10dd96de1cdea2df29dfafe036e0bde144e1cce253e2dbe363e3ebe473e4fce584e60de696e71fe7a9e832e8bce946e9d0ea5beae5eb70ebfbec86ed11ed9cee28eeb4ef40efccf058f0e5f172f1fff28cf319f3a7f434f4c2f550f5def66df6fbf78af819f8a8f938f9c7fa57fae7fb77fc07fc98fd29fdbafe4bfedcff6dffffffee000e41646f626500648000000001ffdb008400080606060606080606080c0807080c0e0a08080a0e100d0d0e0d0d10110c0c0c0c0c0c110c0c0c0c0c0c0c0c0c0c0c0c0c0c0c0c0c0c0c0c0c0c0c0c0c0c0c0c01090808090a090b09090b0e0b0d0b0e110e0e0e0e11110c0c0c0c0c11110c0c0c0c0c0c110c0c0c0c0c0c0c0c0c0c0c0c0c0c0c0c0c0c0c0c0c0c0c0c0c0c0c0cffc0001108014000f003012200021101031101ffdd0004000fffc401a20000000701010101010000000000000000040503020601000708090a0b0100020203010101010100000000000000010002030405060708090a0b1000020103030204020607030402060273010203110400052112314151061361227181143291a10715b14223c152d1e1331662f0247282f12543345392a2b26373c235442793a3b33617546474c3d2e2082683090a181984944546a4b456d355281af2e3f3c4d4e4f465758595a5b5c5d5e5f566768696a6b6c6d6e6f637475767778797a7b7c7d7e7f738485868788898a8b8c8d8e8f82939495969798999a9b9c9d9e9f92a3a4a5a6a7a8a9aaabacadaeafa110002020102030505040506040803036d0100021103042112314105511361220671819132a1b1f014c1d1e1234215526272f1332434438216925325a263b2c20773d235e2448317549308090a18192636451a2764745537f2a3b3c32829d3e3f38494a4b4c4d4e4f465758595a5b5c5d5e5f5465666768696a6b6c6d6e6f6475767778797a7b7c7d7e7f738485868788898a8b8c8d8e8f839495969798999a9b9c9d9e9f92a3a4a5a6a7a8a9aaabacadaeafaffda000c03010002110311003f00e9dd32a997b66f7c55b0335076cc37a66f962ae18a0dc0c663d7a62aecc3a65f4ebd0e6db157533537cba75cb3d3155800ae3a83ae6a77cbeb8ab5979b362ad0a65e6ef9875c55be99875cacd8aba83311418ea6d95ed8aada6c328fcf1ddb2a98aad38d18e3947156fae5838d1d31d8a5b1be5e576cd815c72c7d839b6cdd50e2afffd0e9e763ef9a9b659cac55c36a66ae58a66a6c698ab875c70cac70a62ad915a655298e15cddc62ad01b65d4f439676caed5c55c0e6efd73034153f7e165e79874bb288cd2ccccb5e1188d19cc8fd923a0a3b62a999f6394644552ccc140ea49d8644ef2f757b989afee661a5d922974b73bb91fcd3c951ff0022e31905d4fcebfa52fdf46bb964b682484244ca1829989fb6ebf0bbc63ed707fb78a1eb4357d38b8449d5d98d1003b31ff25bece071afda7d764b275659a32a08eb5e4390fd590dd1a7f2feaba78b7b9589e683f773a5c5119658e80f1a84e28dfde2f11851ad1b5b09de5d36e4fd6e01c447ea195258cb721404b3a327ecf16c55eb505c43700b44e0d0ee3b8f98c5b61d7211a4f9bacaee086eda548eed38c773039e0c2a78b56bf6bf99705aeb37771f58d521b822dede5e0968e9c55d075ab11f688f89714b2da78650c4a19d6640c80f811b6c7141f3c55b3b65115cb3b8cac556d328aef8eca3e38ab54dbe59866f7cadf155c0571d4c6a9c756a702b874c7281c5b2b2d7ecb6297fffd1ea27efca3d71ddf7ca23156b2cf4db3532c74c55a1d463c531a06e31fb62ae196477cc31acd4058f415afd18aae381eeef6d6c6169ef2648224049772147e3913f36f9f2d74187d3b71ebdf4aa4c308e83fcb73fb2bff12ce51777ba8ebf702f35dbb0b1d7e1121a28eff0c42bff001bbe0433af31fe6ce9b124967a2db1be67528f712168e21514f802f291ff00e1339ba79dbcc16ec25f5de4910058256d844b5ab22a153d7f9b9a3632e6681070b45626b5323af15a7f921b7ff855c0f198d8fef29f22cd53f40c35f145fe2dda8f9c7cc9a914fad5dbb468c1c4409642c0ecc55f954e02bcd446a8f1b4f12432a8e324887ed787c3fb38646c2ddc07b7e28e3f9891bfbe252d9f2de6b55a0dcc8a36fbc1ef8d26d741f595e32a0e6f40bea071564fe5652dbed831b50bb48c429fb855057d3da855ba8ee70ae4b75e01595516bb3002bf7e0296d1d3e2825ab780a8afeb18a84d79fabfba77e208a3b54f8ecdd70d749d6b56d2d7ea32dcf2b69240cdeabb942a29456e0490adfe48c86fd66f6235a9dbb8e9f4838263d5c90125001ee3b1ff009a7025ed7a279b2549da2b9558ee58f258d0b10e8db828587c43fcf8e4ce0f3368f22066b958cf47473f1291b1e433cff1f98a4be862b69ee38b4545b7aed41fe530f89bfd5c94d818ef6c1ae61794ddc07fd2a189b8fa8abde883e1dbece2af6c82782ea3f56da459a33d1d0861f862b4ce5763a4eacfe9ea5e589feab281cc8131951891531c91c9456ae4b7cbde67b8bd9ce93ad406c75b8979c96adb2ca836f5ad5fecc8bfcc9f6971564ac37ca236cb0430a8351d8e5d30aa98e998e388a6369d6b8ab86f8f036c4c63c74c0abbe78e4e8d8dc7a771ed8a43ffd2ea6474a66ef989ca38ab6328659cd8ab40e3fc31831fe18abbb9c8ef9af5e8748b4677a30a55a3fe63fb29fecdb2455a6e7380fe63f989353d63ea36d37382d839b92bd392b502571548efb509b54be9ee4ca1ae253ce79db70b53f0a46bedf65703dd5fc3609b80f3b0a0422a7e6e70ba2bcf4432dba87b87352dfb2a3e9fe5c742b0a7ef661f5bbb7fb282aca9eed4fb47162ab1de24c08b82a5df615e83e596d656b33d6476615e9193ff001aae2d142bc8cb24401ec5f63ff00b82034bc40800143fb2a0fd25b0d21456c2d51808d2e28a6bc8b1e9fec88a6367fa9c64bb4cd105db88928df7216c0d790ce559e7999dbf96b45c2a4b69e762228c9ee69d3e9c7aa6bcd3337f0a02b0decb53d415047e2302bcb712b71491981f0c6fd48c02b315e477a034fc4e3ade631c83d30a003f689e5f88c813b33005afb9d3e686059e573f19a052a41fbf2bf47471c4ad3ca1b90a8e04301f3f0c30d62e249ade27e45a3002b8236ff58604b2b5668f9ab968cf751cbe82b90899487c594b8627928a584170296d310c3a2bfb78530c7cbfe60bff002d6a2643fbc8651e9ce363c93fc963d186074b7f466592270587514a6c7fc86ff8d7117824790ac80d1c9e2ddabef93160f78a62688f37bbf9275bd2afec4456e4021d9103ad3903f1aa96fe700e1f6bba12eb164ad69298351b53eb585c75f4e45dd478f07fb2f9e7df2f6ab71a4deab44c0c4c42b23fd927c1e9d3fc97cee9e5cf302deda8903fa8c8393c44832a8efd3fbc5f7c28f7a69e56d7535ed316e5d7d2bb466b7beb73feebb88fe19053fcaeb87ddb7ce7e8c747fcc188db53f4779920f5a8bd05cc1f6987fae87e2ce81b530ab58d61be3b310315531f2cb1946bdf3571554ae3e2ea7e5898e95c522ea7e58a5fffd3ea7988a8a65b7b650ae2ad6f9798d7ae6eb8ab4063c634ec72d99550bb1a2a82cc7d86e715601f9a1e7293cbfa77e8ed35c0d46f148325778623b338ff002dba2679ea49cc5cd15b973e3f1d6bd3e2fbea7247e6df3049ac6b136a932fa901918468df64852446bfeaaaf1ae441dcbb173d58d4e2108a137087d3e5c431ab53ed1ff0058ff00c6b8ac17c601f01dc7878e17d72c101ab8534991d41e46ac8c589edd0618d9eadc4d1cfc27ab0d80fd785b65711a37ef002a7ad46197d4e0b91cb4f4566ebc5988fe9814845cb259dd1a42e0b1f1a9fc703341796c6b1dc10b4dc28fd7b602921b981aaf1988f75a16fb8818a869997d4594d0d01df901e1eeb8a3dcb66b9bb3f13b24aa3622441d3c2bd7030910b86f4c29afd94fb38f92266268d47efcb6c0e6378de8d51dfe780b203ab20691eef4ff004214de1ab103a53b86c076068ceab18ab0d854ad4fcd7c30cf4c9253035a2a889641b49d69b77c251702198a48a78d69c94d19581fb4a729c47d521cbab6e41710a9773c84539f2e3b1e5b91bf89185ef7126eacfd7b0c1b732b4a0f3a3b30a824712df761538e2c4302a7c0e5ed2bccd20350c6bf3c90681e73d6341b8826b6903ac2c5842e01535d9d49d982b8c8ec6399a76a62c91a17024a804d0d3734f1c55eefe57d72c7cdbaf58df5940f0c1a724b35c230f862b8b91e988d1f6f85a8cf9d4474cf39f97af6e3c85aadbea625377e5dd449b6ba923a834a72abc4df1473c55f51797ece7a16ce74b8b78e6470eaeb5571d187661feb0f8b0f4556cb34cbf6cadb02ac201c6918a1c630c55c294c56222b882ec716887c58abffd4ea877cc3c0e6246f95f3c0ad9e94ca1f2cb1d7376c55a3d710bf7096370edf656372c3d829db17c2af344cf079775268856536f22c63fca65e23f5e2af98b5e7b85b4b0b6923548cabcf0f0eac2572d56f7fd9c2308475c34d5ef8de35b02072b7b78edcd3bf01d453a6172c4e7753f70ae1572c752052b8352d494afa62b4a823aff1c4a34a81506be20530cacc88daa4ad40a00c187eac54f9209ad9cf45e35f1db280bb87ecd30edda492a23e2037ccff000c2f9a29a3a9e46bd801b62480a013c8282dfea0408d8803a0214139bfd38b7a8006a6fcd453fa7fc09c5ade391e85892476e27f58186ca5dd02fa04d06cea0d0fe191320d91c64f4295b4ece804b0fef2828a57a8f62303b87dcb29551f641aedf2ae48a2b2b991fd4109af40197a7df8aa6892dcb56452cbd900a7e3951ca06e7ec6c18acf51ef4b6d2ed9955dd4d1405dbb9f6c7cf6e088e778aad216f5506db93f0d30e5347b88e2e05420e848ea062f358bc89171e800e83a1037a7dd950c838c70f7b64b19e037becc4ef12328aa53831dd58fd96da9f7fcb0a26e60f127928e8a4f203e5879ad4ae9271751c01d801453fe50f0ff002b0a4c6b37d8201f03fd732c1ebd1c4208d8a1549fb28376fbfe58616ad1bbfa120a8a6c7b83ed810472292d43b6db60db2b7fde890d7e1dd8d36c284edad45ea25bdac6d30895de5b666a9f813e29236eb455fb31b72cee1f95d7ef7fe5384b800dbcb240a149202a71e22a7c01ce19a75cb5bcb752c2c9ea4b13808c0d49ea3d361ba49dff00cbfb19d67f286ff8d95de9a63f4e0924377664742ad48e55aff9322e23aabd37a663d7366ea715686639ba66c554cf5c521ddb288ae5c3f6ce057fffd5ea95a6572a6557ae36b5c0aa95df2abbe341ca27155f51885e7a46da4331023552cccc2a0002a6bf46280e12f9c669a2f2aeaf2db6f2adacbc40ebf6687f0c55f2ddefa135f4f2da8e16ef231881fd942c78e523885b8caa47811b8c6c0ce88ec69471c457a6f969285a8208ff002450d29e1cb0a42205d0229c5587ba90df862915cceee228a3a16d9452a4fdf8cb589ef2601680934a9edf40c96e95a325bb879285bc729cb94436eadf8b071efd17e8de5eb99984b76ca07fbe93a53dfdf26f65a1587a6aaf02b29ea18038869d1a865141ed9238232aa091f76614b24e46cb9621180a0290e9e5cd1f8802d941ec46c70447a1d94669042aaa3b0c1b1d361d31714fa474c1c44f348db925c74c8030263069d36188c9a54121351c49a74a0c396df117406a7a1f1c892863775a65bc2a4a2963beec6a6b84b756ac2cb9a6f20af4ebb7864c2e6352298532c35f87f64f6c8f1d32ab0f2ed5e112b248768e515ad2bc5c7c2e0ffadf6b08c5abc33fc3b8ea389edf3ceab73a259c85814a87dca8e95ee7227aee911d827ab02111f8135f6eb99787500d44b8f9701a24240924512979230c3c474fa2b89b5fc72168d80894eca17f893815a73cbd094f28c9dab8c9ed947d93f08e87a81fd333079b87488b3b9582ea19548a2b82430dbaf7f6ceebe4080abd8b4249b65b59daa4001bd79f945403c123db380a2f06403e32df63e9cf52794f4b86c34ab431c7e9bca825916b50bf0f1545afecae14322cd9472f02bb7caae5e562aeae3a3fb78dc745bb62afffd6e9e4f8e5540c6b636bbe0554e5be572c4f966af738aafae1579956e65f2fea715986372d6f2084250b16236515f1c32276d8e36bd81c0af9356291a392d0af19a224f03d6a0fc4bf35c05c583d0fdaad299d57f327c97af4fa8dcebd1242f6400e1e951241d802800e4e5bf6b398186e6de62b3ab24a47471bfcf25c43e29113575b77a73e5fb790c9eb104d0f1193bb28b98df6c21d1a058ece30bdfe224f89c9359bc512192560a07dff00466b33ccca67c8d3b5c5111c607c537b28a9403618776fea0a0076c8e5b6b760ae1189afb027f561dc1ac69e402261db63b1fc72a11979a9904cd15abbe085dbae0786ee094031b861ed820329debb76c15458dab2a86141893c7c4e53c82252e4ed8065d5eda352f23103d81392b056ba856961e408c052dbec4feac41b5df558adac0cc4776db31b8bc97768f8d37d81fe991946f70bc4a1346057c3a530b6f34d82f10a4a0d0d6a074a7be19cb2966e2ebc5ff038d11b50939000837c9913b7bde4fe61d022d29da48642c84ec1a848070a2de747fdd3ec4ec0fcfe5932f3b0aa14a6e06c7e791ed1b4379d5e59d7703e0f003f98e6d3164fdd094cb83385e4e18a75e40d034df30eb2b67a8bb44d6bfbd017f6b8b0e4bd0fdacf47471a44aa89b28000f901419cd7f2cfca31da410798a53fbf9c49c47728c78ad7fe073a5d00e997f4683ccb75cbcaef9abb6285c0e56577c7118ab5df1d1fdadb1a7eec747f6b157fffd7e9049a636a4531c4d3122dbfb6452b8b65571b5195518aaf07639856b8cad7306c550fa8d92ea5672d93b70120f85c6fc581aa9fbf38979cf4a53237c0b1de59f25997a0343f6d3f9836776aef9cff00cf9a3acb71f5b0b51728413e0ea3a7d34ca730a31c8398344f9393a620f16297290dbdec2f42432d9c6d4edfab0facecc34a6497a0d957f8e13f960d2130b8a3231143d725b25a936dca2d9cf4a66164fae43cdce07d23dcb27bbd26c22f52f195428debfd3ae151d6fcb576c0dbcbc1ab4e6cac8a49ff002d871c1f63a7db49657d6b770979eee3787eb340cf1d760514fecffab84365e55f343a2d87ac6df4eaa8b88048045253e13271fe62bfb2d976286331f54cdd38d9659232f4c766476f318a850d077ff31b1c92d94866406b80755b3b430b9822f41638d426ea6a5450fd9f1a72cda0485902b12731662a740d8bd8b744f142c8a3dc98de216521ab4c22b95028154b1268a30fb52af1a2f7c4610907d56e16312329e4dccf11fa8f7c62019d1343a945911d85f93111af882e2e6d2d6ceeaee5b5a99feaf1a00943425b99e5b138334cf34457d009d125587918cb4c9c0731fb3cbe24afd380fcc1e4f6d73539af6ce68eda3959a53192d50ed4e62aa072434c3dd3f4c3a768c9a32b2bc752f3151bc9237ed357b0ccb9c70787609bf2698f8bc7b8a1d6d5d268ee8020549eddc6293c211453b8c116162b6e2bc69b5294c6dfd02ff1cc33c9baf779e6b9089f5886d5c7257049502a7635c33b2d1fd48e661218ade6e2668420e5f08a711257e143fb4bc71b6be93f9b52e2620436d196918f8b6c064c11629d42c494699b9507607ecffc165d291ac718f70611ab9123af3651a1c421d26d6355e2a17e151d00a9a618e230208a248874450bf70c581cd901400ee003af26c93de6dc46576cb26bbe6c285a31d538dcbf0c55bc7475e7943ae3d051b157ffd0e884838c6cc4edb6554d322c96e63b6530a74c696a0c0abc52997b6d4c4d4ed8e04ed8aafdabbe15f982d3eb9a64caa2b245fbd8e9d7e1ea3fe070cabbe6c1216083d5312632121d0dbc56c6b6fa93a91f0c86a1bb123fb3279623d58c03845af693158ea72888350b7ab1ed4500fec03df8e1be972d1168695cd764e77ddb1f83b3078a208e477099ad8203c80a1f1cb681d80404d3df0640dc9298af003b6f95f12df7a47a94621b7112fda6eb97a5a70750b8fd590f1e47a8c7e9719a2bd3e780d936597f0a3ee96a28df4632d55658cdbbee37a57b62f72ad4ad29b62165c4bf5dfb8188da4d7d1b4b058989036f0c1890a01b2d0e08a0f9e6d969db27610492a64051faf09b51350def86b337be126a2c4a955ea761911ea901e6a36093e95a6c724d35ddca720d2b3203d0f1f816b92cd02d44b3b4b4a4701af4a55cfd9ff811882698f64e96cce86355575696a0b57edad14763df249696d1da42b0c7d054b13d493dce6561c64e6265fc0d19728e0a89e7f8289071ca7183db36e0e67386ad9bb6261b7c7038ab8e565d69955c55b07148cfc58974c7c47e21812fffd19ef222b983d7a1c677cae99164a8492313ad09197cb28f5c096c1db2c53be307e397e18a1774e98f1e38c3d6b962a31541dee9905f1fdf13c7ba0a50fbe44e34fa95e4d6753485caad7a95fd927e8c9d1ae457cc36e6defe2bc03e09d78b9f065feab98da8c4384c80deecb95a5c878f849d88d932b562107e383c6eb5a74ef8436771f08df0cd2725295db307ab96414bf5502578e2e80d4d704694c8802b1078d3a632e844cbfbd00d37df0b208d12e0982468c1dc81ba9fa0e1b0bd1935ecd0b2f5e206008563f552481c3a9fb54c4e196224f262eebdce098bd153550016ea7b9c4f3e6c0f704c636047be38d08c0cafc4820eddf1ed2af1db014529ca46f4c2c48beb1a9410f51c8337c977c153c9b138a685017b996ec8d907043ee776cb74f1e2c911dc6d8653c3027e09f3471c847a88adc7a545695f0c5456989834c7839b3a0e02e18e3db1a0d71d5c286b7cba907313be51f1c55706c775c4493961c8c0aa98e8fed0c672ae3a33f1614bffd29e1a630f5a63d8e264ef519164e34cc69955af5cb1be04b43ae5ef4cb229db353e8c50defd71ca477ca00fd031d4db156f7a6d80757b64bab178587c468633e0c3a1c30a605ba4f54040dd2bc87b62403b1e45b300bc91f7b0eb595a373138a32ec70c23ba65dbee188ebb6f2db37d7156a816af1a0f8805df97bed80edef63b889268983230aabaf439819f0181db705da15f7d7f446d9e42bd420269f3385706ab785c98606db6d941fd7867246b22b70d8b7db1d8e559acf632191222dfea8c18c63adc1bf3622c7734ba86a6c3e0b7a803a04007e38f8b599d4813d948b4eac943ff000b5c162f6f5892b1bfc429f17415c6a5ac8583480d7eec94862eef9319795232d75012128432b52bc5c153f8e0af518827b1c0442a0f847c5d09c4da7600ad7a651c3c47d375e680897679645863dd98d01ec3df251616e96f6b14489d46c4d4549fdafa720fa7ea063d6ecadd90badd3344056943c4b723edf0e7411eafa4accd57ebd3a0aed9b1d2628c61c7cc9b1f00c25c3fc42c0dd6b0e2c57c32c1c60dc9ae38572d75e6acd72b5e0ef963ae3463b162bb639b2ab4cdd715750662b95975f1c52d508c7c44f2c6d71d1fdac55fffd39db6308a63ce349f0c8b259b74cb1d728e3e28a594d235a9f1ec3e67026bb9c49cb18292d507db6e47c074fbf1758a35de953f864b84b6470c8f3d906b0c8e2aabd7b9c516de4242f73830fc5b74f96641c0861d8eff002c90886d8e08f5dd62d9af73c8ff009f857139ad501560361d70c3afbfcaa7fa0ca65047f9edfe7fcb869ba1111e41269ec20bc8562923566958d0b0ad169f17fc2e72dd5742d53ca53c974af1b58cd31558a324aa0625911c103b7ed2e762f48c5221ec091f2ae15ea9a3daead653d85e16f4e66079a503020d548af86432438e35d4726f1de1e7da75fc7742a86847da8c9dc7f51923b3e2478e154df9792da2a2da5fb0be1564929fbb3fcab41f12edd7ed606b09fcc904024b9d2de68aa409a1ee14d3970df6ff002b35f934f939d7cb7520117cafbd9500a37a0a6365e14a8e98411eb665ff00743a7b3103047d7e490050295f135398fc3e6c0c695a5724f15ee7034b48d6afd7c315812e6e58a5a44d338fb4546c3e67a0c30d1fcbd757771f58d4e30b0a161f559090cccbfb4d4fd8f6fdacb71629cc8110403d55679574b9e4bd1abcd1868f8ba5a063f116340cebb538d3e1ae4e0f266507aa9a6d895bc51416e811427100045d9569d78a8e982235afc47ae6d610108088e8c48e64ad7851fb50f88c0d2218d80fb41ab4ec76c1c47f9ffb781e501a43e0829f49c341a658a07a28ad69975cba6d4e98de99121a2786b9379b2810731c0d2410775d539ab8dae5d76c085d507ae5c7f6b19b63e3a038a5ffd49d16af5c613db372de9940726f7c8b302cd2ac31ab9ac86883b0ea70772aa84401107ec8fe388c30d0027ae0a58f24039508708f3ea5a543dce3c2e29c69974dba649b2968a0f963c0ef4ae5aa038a6c0d0629e4e5a6ca771fb24f41ed8f0b4fa3bf61f218ca8e94a8f0c78623ad48fd93e1f3c2968a03edfd3b9c0d35b57741415e447b60cdbb9dbb9f1cba57af7dcfcbc314891095ba70b8f5587c40003dab8d9955eea16e21510176e3b54d76c346457a7215afc47137b7461e04035fa716c131d7ba923934bb1b2882d9c609b89f9c9ea00e7e2356dc8ff81c5e4b0b7b28267b35556772ff000a8d8b52b4c32faa2d00ea548e35f7cb5b514218d41ad3e8c143b822e22bc8a063b3b5549c420a35c132381f6799007203e8c150ad554135a2d01f0c59615521ba9a038ad157a0f7fa0e1e48321c82947132d39536dbdabfdb8a9a536dbb662698c240153b7e38b13bee5a72156a457c0625c2829dfab7cf14e9f11d8fecaf86553f1c085840a014fa728a83d71f4f1cd4c58d28345dd76f6c4b950d0e0c22b88c880e021ae78c10a44e5572b70789ed98f5e990712428d15d5c52224b6235c7c54e5ed8a1ffd599d496a0debd86182da88515dbed93be23a5c06490ccc2aa9d3e7863754f4c7fac3188dadccc38b6e33f07227dd8292314a9c4a35d8786088fa616f01a216b95c6bf2cb905371948c5b0a90b801df2a9be3b286e77c55aed9606ff00c31db7dd958a86c788eddbb65835dbb9eb5cacad8eddb14d2f27afbedf46627afdd8ddc6e0f4e80ef9b7db6f7d8e2b4baa37f9839aa3ee35c69aeff09fc32b7fe5c55772e94caaf4fc32be2f103f1caa2f4356f9f4c55be55fb3f11efe1f7e55402093c9bc3b0cc4123aede0335062aeebb9caefbe5f6a1195418a0b74cc07739797b74c50b6989b8de83143e18c38a6b6434e9450ddf11ae0a9c553e581cafc008ea3ae44871b342f7ee6ab8e8ab5389e3e2ea7bed91719ffd6ea16b0fa102463ad37f9e365a3baa75ef8b93414fbb101bcc7d80192e94ed00a8d772f849af03d57f560a534c072fc1490751d7e582a36a806b5c5405e4546f819494929e3820b0c0d38a10defbe2528914cc0ef892b6dede38f04628a541944f866ad40cac55bed95b77cd5cac52bab9aa3195fbb2f638aaeaedd73637619ab418aaea9cdd71b5fbb376df142ee9df30f0caaed8d24e2ab89a7539b63d71132ef418e56382d4855cc72ba8ae6ae147571c61e871fd0571373b7cf14f45b20aa11892254907b8c5d85453c718bbbb1ed83ab5cb9a0dd78b15ec3a1c7c5d4d3c314b94d830c463ef5f0c8914e1e4870c88f93ffd7ea44d5a9d862494f55b1e0fc4c7b0189c668ccddf24ed959ba50e32d9f8b188f6dd7e58f34237c0f25632b2ff2f5f91c4aa389a6079c8287d8e281f928c4253f0bae3d12ab1b6dfc3150460485aa01ef8294f8e2c552bf766271bb6557155fcbc71a4f5caefbe51341e38aafae6af618d14a77cd8ab75df31269955fc32abe18aae072eb8cae5024ec715542698d353bd730e99781054cad37eb9b9531edd3126006ff00863491bab2bd71d5c0cadbe2c181c2a42e27df18c7a6f9ab4ad31290934a1a7be053c955db6c643d5b2bf640f01df2e23d716b97d402f6151be025aa3b29de98318e212a53e31d694c12e4c33c2e3c4398fb9fffd0e9c0d19c6323eb5cc4d2435ee36c6c26b5df25d1dba27e788cbf6687a1c53962531351810d41215ac6c775fd599dbf794f114c0b3ca229a363b093e1afbf518a96ad1b08675d5d0bd18a1ec706a1ed85acd4b81d81183636c0c08dd12586557130d5cd5c5553978e57238cef975c55755a94ed960e275cba9a6d8aafa8ae6ed8c0d98b628a6fa75cd5cae795cb6c52b8363d4d710271caf8a08563b8c4da98ead475c4d8d0d714053a918e0f8c66de83195c59d22396d8c95802b5dab9418e272b564418f541089a8e1951f43940d577cb56a0c5ac8dd79e95c6b6eb43bd72ab5ae626985b046c517fffd1e8f7145e2fe1d7e9c642d438aca049195f6c050b6f43f686c7e8c93b81c9320c695c466396af518c77aff0c50125f319996ca236ff00df7af170fa1aa7f0c1b6f73ea20e438b0eabe18dba5134d146770a799fa36c7b422a0aec47438b60e54d4d27ef636fa307c449df0a66e55427b1c308181037c0c6639236b95cbc713f7ae5d7df160bc1cb26bdf13af8e6ad3a62abebb6e71c0edb6255f1c70e98aaeae6276af6c69c7c4d425762adb3038a09daf9ac0d4cdc8629181491185491f09f020e240576c541bf8398d7be339e2c202c361518849195dc637e691204d5aba3838e6dc6044720ef8203546f8a2437b512d493853289c7ba8e45bb9db1334c019c4ae53be358fef17e594a6b884b271b8541d695c2923708f14e3e396a76189a9dbc36c7f618b5c86ebc9c4e460283c71db01815e4e721f6da98b3807fffd2e8e1b02dc466393d65fb2767feb8a72e87150438a1151920edc29ac802f5181eeaf62b78da490f14515624d06d97342f055a20593af01d47cb39ef9c3549ae50da44cd1a06e2f4d89f11be4652a04a24685b31d0efc6ab036a318223959962e5b1e087883f4f5c36268323fe4d509a05aa2d6803024ee7ed1c3d624501ef87a0660ec0a1ee375af7c1101f84621714e18adb9aa8c1d54f24672ae5d77e9890271d5c2c552a3be5f2c4cd7be5d7155e80bb041b54d30cd2d94a8e3414dba54e15447f7aa7c08c3a42294f73faf2279d38ba89104006b6b536b50cb426befd3003c6d0ca109ee29f2c362e06e7af8604b94695d1d07d9f1aef80903f53562c8632dcec7bd0a09e7230f7fbced8f4b691b73fc4e5c51956a3edbd6bef8354f40b551d80c164fd25b259883513f15b6f098faef5ed895fc202facbb53ed7b8382d401bfe0311be6e36ef5f0a61adadaa333c625d49495bae3d1b28ee313ad0e4dd8730aefb8c41a9f4628189fa7119280e2111e6b875c0c073d41c9e888a07ccef8213a6216bbbcb2ff3b9a1f61b62cfadf9232b8a0229bf5f0c486ff163c30fbf161ccdba4708a4f7030140c5b7fbf2af6e4228407e273c40c7dba1082b8b70151dfabfffd9);

-- --------------------------------------------------------

--
-- Table structure for table `fixeddetail`
--

CREATE TABLE IF NOT EXISTS `fixeddetail` (
  `AcNo` varchar(50) DEFAULT NULL,
  `TransAcNo` varchar(50) DEFAULT NULL,
  `ExpDateN` varchar(50) DEFAULT NULL,
  `ExpDateE` datetime DEFAULT NULL,
  `ExpDuration` double DEFAULT NULL,
  `OpenDate` varchar(10) DEFAULT NULL,
  `IntRate` double DEFAULT NULL
) ENGINE=InnoDB DEFAULT CHARSET=latin1;

-- --------------------------------------------------------

--
-- Table structure for table `fy`
--

CREATE TABLE IF NOT EXISTS `fy` (
  `Fy` varchar(50) DEFAULT NULL
) ENGINE=InnoDB DEFAULT CHARSET=latin1;

--
-- Dumping data for table `fy`
--

INSERT INTO `fy` (`Fy`) VALUES
('2069/2070');

-- --------------------------------------------------------

--
-- Table structure for table `jobdetail`
--

CREATE TABLE IF NOT EXISTS `jobdetail` (
  `id` int(11) NOT NULL DEFAULT '0',
  `pid` int(11) DEFAULT NULL,
  `cusJob` varchar(20) CHARACTER SET utf8 NOT NULL,
  `cusInstitution` varchar(50) CHARACTER SET utf8 NOT NULL,
  `cusPost` varchar(30) CHARACTER SET utf8 DEFAULT NULL,
  `incomePeryear` double(10,0) DEFAULT '0',
  `remarks` varchar(30) CHARACTER SET utf8 DEFAULT NULL,
  `inputter` varchar(50) CHARACTER SET utf8 DEFAULT NULL,
  `authorizer` varchar(150) CHARACTER SET utf8 DEFAULT NULL
) ENGINE=InnoDB DEFAULT CHARSET=latin1;

--
-- Dumping data for table `jobdetail`
--

INSERT INTO `jobdetail` (`id`, `pid`, `cusJob`, `cusInstitution`, `cusPost`, `incomePeryear`, `remarks`, `inputter`, `authorizer`) VALUES
(7, 66, '12', '12', '12', 12, '2', 'admin', 'abc'),
(0, 70, '', '', '', 0, '', 'admin', 'abc');

-- --------------------------------------------------------

--
-- Stand-in structure for view `qrybalsheet`
--
CREATE TABLE IF NOT EXISTS `qrybalsheet` (
`MCode` int(11)
,`MHead` varchar(50)
,`ACode` int(11)
,`AHead` varchar(50)
,`DrBal` double
,`CrBal` double
);

-- --------------------------------------------------------

--
-- Stand-in structure for view `qrybalsummary`
--
CREATE TABLE IF NOT EXISTS `qrybalsummary` (
`acode` varchar(11)
,`TBal` double
);

-- --------------------------------------------------------

--
-- Stand-in structure for view `qrygetbal`
--
CREATE TABLE IF NOT EXISTS `qrygetbal` (
`acode` varchar(5)
,`AcNo` varchar(50)
,`tser` int(11)
);

-- --------------------------------------------------------

--
-- Stand-in structure for view `qrypbal`
--
CREATE TABLE IF NOT EXISTS `qrypbal` (
`acode` varchar(5)
,`acno` varchar(50)
,`tser` int(11)
,`TBal` double
);

-- --------------------------------------------------------

--
-- Stand-in structure for view `qrypertransaction`
--
CREATE TABLE IF NOT EXISTS `qrypertransaction` (
`TransNo` int(11)
,`Ndate` varchar(50)
,`ACode` int(11)
,`AHead` varchar(50)
,`PID` int(11)
,`PName` varchar(50)
,`AcNo` varchar(50)
,`desc` varchar(255)
,`Dr` double
,`Cr` double
,`Bal` double
,`ABal` double
,`TSer` int(11)
,`EDate` date
,`INDate` varchar(50)
,`IEDate` date
,`IntDr` double
,`IntCr` double
,`IntBal` double
,`PIntDr` double
,`PIntCr` double
,`PIntBal` double
,`IncIntDr` double
,`IncIntCr` double
,`IncPintdr` double
,`IncPintCr` double
);

-- --------------------------------------------------------

--
-- Table structure for table `sharecertificate`
--

CREATE TABLE IF NOT EXISTS `sharecertificate` (
  `id` int(11) NOT NULL DEFAULT '0',
  `pid` int(11) DEFAULT NULL,
  `shareCertNo` varchar(20) CHARACTER SET utf8 NOT NULL,
  `shareFrom` varchar(10) CHARACTER SET utf8 NOT NULL,
  `shareTo` varchar(10) CHARACTER SET utf8 NOT NULL,
  `totalShareNos` int(11) NOT NULL,
  `shareRate` double(10,2) NOT NULL,
  `shareAmount` double(10,2) NOT NULL,
  `shareDate` varchar(10) CHARACTER SET utf8 NOT NULL,
  `inputter` varchar(50) CHARACTER SET utf8 DEFAULT NULL,
  `authorizer` varchar(150) CHARACTER SET utf8 DEFAULT NULL
) ENGINE=InnoDB DEFAULT CHARSET=latin1;

--
-- Dumping data for table `sharecertificate`
--

INSERT INTO `sharecertificate` (`id`, `pid`, `shareCertNo`, `shareFrom`, `shareTo`, `totalShareNos`, `shareRate`, `shareAmount`, `shareDate`, `inputter`, `authorizer`) VALUES
(4, 66, '12', '123', '12', 12, 12.00, 12.00, '12', 'admin', NULL),
(5, NULL, '', '', '', 0, 0.00, 0.00, '', 'admin', NULL),
(6, NULL, '', '', '', 0, 0.00, 0.00, '', 'admin', NULL),
(7, 66, '', '', '', 0, 0.00, 0.00, '', 'admin', NULL);

-- --------------------------------------------------------

--
-- Table structure for table `statustbl`
--

CREATE TABLE IF NOT EXISTS `statustbl` (
  `statusid` int(11) NOT NULL DEFAULT '0',
  `statusName` varchar(30) CHARACTER SET utf8 NOT NULL
) ENGINE=InnoDB DEFAULT CHARSET=latin1;

--
-- Dumping data for table `statustbl`
--

INSERT INTO `statustbl` (`statusid`, `statusName`) VALUES
(0, 'none');

-- --------------------------------------------------------

--
-- Table structure for table `tbl0transaction`
--

CREATE TABLE IF NOT EXISTS `tbl0transaction` (
  `TransNo` int(11) NOT NULL DEFAULT '0',
  `Ndate` varchar(50) DEFAULT NULL,
  `EDate` date DEFAULT NULL,
  `TUser` varchar(50) DEFAULT NULL
) ENGINE=InnoDB DEFAULT CHARSET=latin1;

-- --------------------------------------------------------

--
-- Table structure for table `tbl1maincode`
--

CREATE TABLE IF NOT EXISTS `tbl1maincode` (
  `MCode` int(11) DEFAULT NULL,
  `MHead` varchar(50) DEFAULT NULL,
  `MHeadNep` varchar(50) DEFAULT NULL
) ENGINE=InnoDB DEFAULT CHARSET=latin1;

--
-- Dumping data for table `tbl1maincode`
--

INSERT INTO `tbl1maincode` (`MCode`, `MHead`, `MHeadNep`) VALUES
(1, 'Liabilities', 'bfloTj'),
(2, 'Assets', ';DklQ'),
(3, 'Expenses', 'vr{'),
(4, 'Incomes', 'cfDbfgL'),
(5, 'Off Bal Asset', 'a}l]G; l;6 aflx/ ;DklQ'),
(6, 'Off Bal Lia', 'a}l]G; l;6 aflx/ bfloTj');

-- --------------------------------------------------------

--
-- Table structure for table `tbl2accode`
--

CREATE TABLE IF NOT EXISTS `tbl2accode` (
  `MCode` int(11) DEFAULT NULL,
  `ACode` int(11) NOT NULL DEFAULT '0',
  `AHead` varchar(50) DEFAULT NULL,
  `AcStatus` tinyint(4) DEFAULT NULL,
  `AcT` int(11) DEFAULT NULL,
  `HeadNep` varchar(50) DEFAULT NULL,
  `SahakariCode` varchar(20) DEFAULT NULL,
  `Balance` double DEFAULT NULL
) ENGINE=InnoDB DEFAULT CHARSET=latin1;

--
-- Dumping data for table `tbl2accode`
--

INSERT INTO `tbl2accode` (`MCode`, `ACode`, `AHead`, `AcStatus`, `AcT`, `HeadNep`, `SahakariCode`, `Balance`) VALUES
(1, 11101, 'Current Deposit', 0, 1, NULL, '30.1', 0),
(1, 11202, 'Gen Saving', 0, 1, NULL, '30.2', 0),
(1, 11203, 'Monthly Saving', 0, 1, NULL, NULL, 0),
(1, 11204, 'volentery saving', 0, 1, NULL, NULL, 0),
(1, 11205, 'Staff Saving Account', 0, 2, NULL, NULL, 0),
(1, 11301, 'Fixed Deposit upto 3 months', 0, 1, NULL, NULL, 0),
(1, 11302, 'Fixed Deposit 6 Months', 0, 1, NULL, NULL, 0),
(1, 11303, 'Fixed Deposit 9 Months', 0, 1, NULL, NULL, 0),
(1, 11304, 'Fixed Deposit 1Yr', 0, 1, NULL, NULL, 0),
(1, 11305, 'Fixed Deposit 1Years', 0, 1, '', NULL, 0),
(1, 11306, 'Fixed Deposit More than 2-5Yr', 0, 1, NULL, NULL, 0),
(1, 11307, 'Fixed Deposit More than 5Yr', 0, 1, NULL, NULL, 0),
(1, 12101, 'Sundry Creditors', 0, 1, NULL, NULL, 0),
(1, 12102, 'Other Payable', 0, 2, NULL, NULL, 0),
(1, 12103, 'Deposits', 0, 1, NULL, NULL, 0),
(1, 12104, 'Audit fee', 0, 2, NULL, NULL, 0),
(1, 12105, 'Interest Receivable contra', 0, 2, NULL, NULL, 0),
(1, 12106, 'payable for share holder saving int', 0, 2, NULL, NULL, 0),
(1, 12107, 'payable for monthly saving int', 0, 2, NULL, NULL, 0),
(1, 12108, 'tax payable (salary)', 0, 2, 'e''QmfgL lbg''kg]{ tna s/', NULL, 0),
(1, 12109, 'Tax on Saving Interest', 0, 2, NULL, NULL, 0),
(1, 12201, 'Udharo Kharid Khata', 0, 2, NULL, '60.1', 0),
(1, 12202, 'Peshki Prapti Hisab', 0, 2, NULL, '60.2', 0),
(1, 12203, 'Karmachari Hitkosh Khata', 0, 2, 'e''QmfgL lbg''kg]{ 3/ef8f s/', '60.3', 0),
(1, 12204, 'Sapati Hisab Khata', 0, 2, NULL, '60.4', 0),
(1, 12205, 'Anya Bhuktani Dinuparne Khata', 0, 2, NULL, '60.5', 0),
(1, 13101, 'Contra Adj', 0, 2, NULL, NULL, 0),
(1, 13102, 'Suspese Ac', 0, 2, NULL, NULL, 0),
(1, 13103, 'anumanit income tax', 0, 2, 'cg''dflgt cfo s/', NULL, 0),
(1, 13201, 'Tirna Baki Talab Bhatta', 0, 2, NULL, '70.1', 0),
(1, 13202, 'Tirna Baki Ghar Bhada', 0, 2, NULL, '70.2', 0),
(1, 13203, 'Tirna Baki Byaj Rakam', 0, 2, NULL, '70.3', 0),
(1, 13204, 'Tirna Baki Lekha Paikshyan Sulka', 0, 2, NULL, '70.4', 0),
(1, 13205, 'Tirna Baki Anya Rakam', 0, 2, NULL, '70.5', 0),
(1, 14101, 'Share Capital', 0, 1, NULL, '10', 0),
(1, 14201, 'Jageda Kosh', 0, 2, NULL, '20.1', 0),
(1, 14202, 'Anya Kosh', 0, 2, NULL, '20.2', 0),
(1, 14210, 'Ghata purti fund', 0, 2, NULL, NULL, 0),
(1, 14211, 'sanstha social devlopment fund', 0, 2, NULL, NULL, 0),
(1, 14212, 'Dubantea loan fund', 0, 2, NULL, NULL, 0),
(1, 17101, 'income tax provision', 0, 2, 'cfo s/ Joj:yf', NULL, 0),
(1, 17102, 'Provision for Gratuity', 0, 2, NULL, NULL, 0),
(1, 17103, 'Provision For Bonus', 0, 2, NULL, NULL, 0),
(1, 17104, 'doubtful debt provision fund', 0, 2, 'z+sf:kb hf]lvd Joj:yf', NULL, 0),
(1, 18101, 'Profit', 0, 2, NULL, '170.1', 0),
(2, 21101, 'Cash', 1, 2, NULL, '80', 0),
(2, 21102, 'Vault', 0, 2, NULL, NULL, 0),
(2, 21103, 'Petty Cash', 0, 2, NULL, NULL, 0),
(2, 21201, 'Bank', 0, 2, NULL, '90', 0),
(2, 21203, 'Nepal Bank Ltd', 0, 2, NULL, NULL, 0),
(2, 21304, '', 0, 2, 'ljljw ;DklQ', NULL, 0),
(2, 22101, 'Udharo Bikri Tatha Asuli Hisab', 0, 1, NULL, '120.1', 0),
(2, 22102, 'Advance', 0, 2, NULL, '120.2', 0),
(2, 22103, 'Hitkosh Jamma Hisab', 0, 1, NULL, '120.4', 0),
(2, 22104, 'Beruju Hisab', 0, 2, NULL, '120.5', 0),
(2, 22105, 'Interest Receivable', 0, 2, NULL, '120.3', 0),
(2, 22106, 'Dharauti Hisab', 0, 2, NULL, '120.6', 0),
(2, 22107, 'Anibarya Bachat Hisab', 0, 2, NULL, '120.7', 0),
(2, 22108, 'Anya Paunu parne Rakam', 0, 2, 'k]ZsL lx;fa', '120.8', 0),
(2, 23101, 'Furniture', 0, 2, NULL, '130.1', 0),
(2, 23102, 'Safe Hisab', 0, 2, NULL, '130.2', 0),
(2, 23104, 'Sawari Sadhan', 0, 2, NULL, '130.3', 0),
(2, 23105, 'Ghar Jagga Hisab', 0, 2, NULL, '130.4', 0),
(2, 23106, 'misc assets', 0, 2, NULL, '140', 0),
(2, 25101, 'Loan Ac', 0, 1, NULL, '110', 0),
(2, 26101, 'Dhito patra kharid Khata', 0, 1, NULL, '100.1', 0),
(2, 26102, 'Muddati Khata', 0, 2, 'sf:sL a= tyf C= ;=df z]o/ nufgL', '100.2', 0),
(2, 26103, 'Bachat Khata', 0, 2, 'lhNnf ;xsf/L ;+3df z]o/ nufgL', '100.3', 0),
(2, 26104, 'Share Kharid Khata', 0, 2, 'lhNnf ;xsf/L ;+3df z]o/ nufgL', '100.4', 0),
(2, 29101, 'Loss', 0, 2, NULL, '170.2', 0),
(3, 31101, 'Salary and allowances', 0, 2, NULL, '150.3', 0),
(3, 31103, 'Misc.Allowances', 0, 2, NULL, NULL, 0),
(3, 31104, 'Overtime', 0, 2, NULL, NULL, 0),
(3, 31105, 'Bonus Exp', 0, 2, NULL, NULL, 0),
(3, 31106, 'Staff Dress exp', 0, 2, NULL, NULL, 0),
(3, 31107, 'Staff Dress', 0, 2, NULL, NULL, 0),
(3, 31108, 'dashain bonus', 0, 2, 'bz} eQf', NULL, 0),
(3, 32101, 'House Rent', 0, 2, NULL, '150.4', 0),
(3, 32102, 'Electricity', 0, 2, NULL, '150.10', 0),
(3, 32103, 'Telephone/Postage', 0, 2, NULL, NULL, 0),
(3, 32104, 'Stationary/Printing', 0, 2, NULL, '150.5', 0),
(3, 32105, 'Mentainance', 0, 2, NULL, '150.6', 0),
(3, 32106, 'Meeting Expenses', 0, 2, NULL, '150.11', 0),
(3, 32107, 'Travelling', 0, 2, NULL, NULL, 0),
(3, 32108, 'Business Promotion', 0, 2, NULL, NULL, 0),
(3, 32109, 'Staff Welfare and Training', 0, 2, NULL, NULL, 0),
(3, 32110, 'Entertainment', 0, 2, NULL, NULL, 0),
(3, 32111, 'Misc.Office Expenses', 0, 2, NULL, NULL, 0),
(3, 32112, 'Transportation expenses', 0, 2, 'oftfoft vr{', '150.2', 0),
(3, 32113, 'Newspaper', 0, 2, NULL, NULL, 0),
(3, 32114, 'Computer Expenses', 0, 2, NULL, NULL, 0),
(3, 32115, 'Prienting', 0, 2, NULL, NULL, 0),
(3, 32116, 'Email and fax+Gift Exp', 0, 2, NULL, NULL, 0),
(3, 32117, 'Guest Welcome(Food/Tea)', 0, 2, NULL, NULL, 0),
(3, 32118, 'Other expenses', 0, 2, NULL, NULL, 0),
(3, 32119, 'Tax expenses', 0, 2, NULL, NULL, 0),
(3, 32120, 'Advertisement', 0, 2, NULL, NULL, 0),
(3, 32121, 'Annual General Meeting', 0, 2, NULL, NULL, 0),
(3, 32122, 'Vharman and Gosti', 0, 2, NULL, NULL, 0),
(3, 32123, 'Field Tour Exp', 0, 2, NULL, NULL, 0),
(3, 32124, 'Electricity Charge exp', 0, 2, NULL, NULL, 0),
(3, 32125, 'software udate expenses', 0, 2, ';km\\6jo/ ck8]6 u/]sf] vr{', NULL, 0),
(3, 32126, 'other (tax) expenses', 0, 2, 'cGo s/ vr{', NULL, 0),
(3, 32127, 'social community expenses', 0, 2, ';fdflhs ;fd''bflos v{r', NULL, 0),
(3, 32128, 'loan loss provision expenses', 0, 2, 'shf{ gf]S;fgL Joj:yf vr{', NULL, 0),
(3, 32129, 'advanced paid to indra bdr karki', 0, 2, 'k]ZsL lx;fa OGb| a= sfsL{', NULL, 0),
(3, 32130, 'internal co.operativ training', 0, 2, 'cfGtl/s ;xsf/L k|lzIf0f', NULL, 0),
(3, 33101, 'Interest Exp', 0, 2, NULL, '150.7', 0),
(3, 33102, 'Interest On Savings', 0, 2, NULL, '150.7', 0),
(3, 34101, 'Audit Expenses', 0, 2, NULL, NULL, 0),
(3, 34102, 'Misc.Fees', 0, 2, NULL, '150.8', 0),
(3, 34103, 'audit and fees', 0, 2, NULL, NULL, 0),
(3, 34201, 'Donations', 0, 2, NULL, NULL, 0),
(3, 35101, 'Interest Rebate', 0, 2, NULL, NULL, 0),
(3, 36101, 'Insurance', 0, 2, NULL, NULL, 0),
(3, 36102, 'Commissions', 0, 2, NULL, NULL, 0),
(3, 36103, 'Renuwals', 0, 2, NULL, NULL, 0),
(3, 37101, 'Depreciation Expenses', 0, 2, NULL, '150.9', 0),
(3, 37102, 'Fixed assets Deprication', 0, 2, NULL, NULL, 0),
(3, 38101, 'Write off Expenses-Principle', 0, 2, NULL, NULL, 0),
(3, 38102, 'Write off Expenses - Interest', 0, 2, NULL, NULL, 0),
(4, 41101, 'Interest Income', 0, 2, NULL, '160.2', 0),
(4, 41102, 'Lagani Bata Prapta Byaj', 0, 2, NULL, '160.3', 0),
(4, 41103, 'Bank Interest Income', 0, 2, NULL, NULL, 0),
(4, 41201, 'Late Fee', 0, 2, NULL, NULL, 0),
(4, 41202, 'Passbook Fee', 0, 2, NULL, NULL, 0),
(4, 41203, 'Admission Fee', 0, 2, NULL, NULL, 0),
(4, 41204, 'Membership Fee', 0, 2, NULL, NULL, 0),
(4, 41205, 'Form Sale Income', 0, 2, NULL, NULL, 0),
(4, 41206, 'Service Charge', 0, 2, NULL, NULL, 0),
(4, 41207, 'Other income', 0, 2, NULL, '160.4', 0),
(4, 41208, 'remit commision', 0, 2, '/]ld6af6 k|fKt sldzg', NULL, 0);

-- --------------------------------------------------------

--
-- Table structure for table `tbl2submaincode`
--

CREATE TABLE IF NOT EXISTS `tbl2submaincode` (
  `MCode` int(11) DEFAULT NULL,
  `SubCode1` int(11) DEFAULT NULL,
  `SubHead1` varchar(50) DEFAULT NULL
) ENGINE=InnoDB DEFAULT CHARSET=latin1;

--
-- Dumping data for table `tbl2submaincode`
--

INSERT INTO `tbl2submaincode` (`MCode`, `SubCode1`, `SubHead1`) VALUES
(1, 11, 'Deposit'),
(1, 12, 'Creditors'),
(1, 13, 'Contra Adj'),
(1, 14, 'Capital'),
(1, 17, 'Provisions'),
(1, 18, 'Profit'),
(2, 21, 'Cash And bank'),
(2, 22, 'Advance and other deposits'),
(2, 23, 'Fixed Assets'),
(2, 25, 'Loan'),
(2, 26, 'Investments'),
(2, 29, 'Loss'),
(3, 31, 'Staff Expenses'),
(3, 32, 'Office Operational Expenses'),
(3, 33, 'Interest Expenses'),
(3, 34, 'Audit and Fees'),
(3, 35, 'Rebate'),
(3, 36, 'Commissions'),
(3, 37, 'Depreciations'),
(3, 38, 'Write Off'),
(4, 41, 'Incomes');

-- --------------------------------------------------------

--
-- Table structure for table `tbl2submaincode1`
--

CREATE TABLE IF NOT EXISTS `tbl2submaincode1` (
  `SubCode1` int(11) DEFAULT NULL,
  `SubCode2` int(11) DEFAULT NULL,
  `SubHead2` varchar(50) DEFAULT NULL
) ENGINE=InnoDB DEFAULT CHARSET=latin1;

--
-- Dumping data for table `tbl2submaincode1`
--

INSERT INTO `tbl2submaincode1` (`SubCode1`, `SubCode2`, `SubHead2`) VALUES
(11, 111, 'Current Deposits'),
(11, 112, 'Saving Deposits'),
(11, 113, 'Fixed Deposits'),
(12, 121, 'Creditors'),
(12, 122, 'Misc Payable'),
(13, 131, 'Contra Adj'),
(14, 141, 'Share Capital'),
(14, 142, 'Reserve Funds'),
(17, 171, 'Provisions Misc.'),
(17, 172, 'Loan loss provision'),
(18, 181, 'Profit'),
(21, 211, 'Cash'),
(21, 212, 'Bank'),
(22, 221, 'Advance and other deposits'),
(22, 222, 'Misc Receivable'),
(23, 231, 'Fixed Assets'),
(23, 232, 'Misc Assets'),
(25, 251, 'Loan AC'),
(26, 261, 'Investments'),
(29, 291, 'Loss'),
(31, 311, 'Staff Expenses'),
(32, 321, 'Office Operational Expenses'),
(33, 331, 'Interest Expenses'),
(34, 341, 'Audit And Fees'),
(34, 342, 'Donations'),
(35, 351, 'Rebate'),
(36, 361, 'Commissions'),
(37, 371, 'Depriciation'),
(38, 381, 'Write Off'),
(41, 411, 'Interest Income'),
(41, 412, 'Misc Income');

-- --------------------------------------------------------

--
-- Table structure for table `tbl3personalinfo`
--

CREATE TABLE IF NOT EXISTS `tbl3personalinfo` (
  `PID` int(11) NOT NULL DEFAULT '0',
  `PName` varchar(50) DEFAULT NULL,
  `PAddress` varchar(50) DEFAULT NULL,
  `PTempAddress` varchar(50) DEFAULT NULL,
  `Sex` varchar(50) DEFAULT NULL,
  `RegNDate` varchar(50) DEFAULT NULL,
  `RegEDate` varchar(50) DEFAULT NULL,
  `Telephone` varchar(50) DEFAULT NULL,
  `CitizenNo` varchar(50) DEFAULT NULL,
  `CitizenFrom` varchar(50) DEFAULT NULL,
  `Father` varchar(50) DEFAULT NULL,
  `Spouse` varchar(50) DEFAULT NULL,
  `GroupID` varchar(3) DEFAULT NULL,
  `FileNo` varchar(15) DEFAULT NULL,
  `birthday` varchar(8) DEFAULT NULL,
  `staffid` varchar(10) DEFAULT NULL,
  `officeid` varchar(3) DEFAULT NULL,
  `agentid` varchar(3) DEFAULT NULL,
  `shareholderid` varchar(20) DEFAULT NULL
) ENGINE=InnoDB DEFAULT CHARSET=latin1;

--
-- Dumping data for table `tbl3personalinfo`
--

INSERT INTO `tbl3personalinfo` (`PID`, `PName`, `PAddress`, `PTempAddress`, `Sex`, `RegNDate`, `RegEDate`, `Telephone`, `CitizenNo`, `CitizenFrom`, `Father`, `Spouse`, `GroupID`, `FileNo`, `birthday`, `staffid`, `officeid`, `agentid`, `shareholderid`) VALUES
(0, 'Common', 'Common', 'Common', '.', '.', '.', '01-4352909', NULL, NULL, NULL, NULL, NULL, NULL, NULL, NULL, NULL, NULL, NULL),
(1, 'Abc', '.', '', 'M', '', '2017-08-18', '', '', '', '', '', '', '', '', '', '', '', '');

-- --------------------------------------------------------

--
-- Table structure for table `tbl4personalaccounts`
--

CREATE TABLE IF NOT EXISTS `tbl4personalaccounts` (
  `ACode` int(11) DEFAULT NULL,
  `AcNo` varchar(50) NOT NULL DEFAULT '',
  `PID` int(11) DEFAULT NULL,
  `IRate` double DEFAULT NULL,
  `OpenDate` varchar(10) DEFAULT NULL,
  `Balance` double DEFAULT NULL,
  `Status` varchar(3) DEFAULT NULL
) ENGINE=InnoDB DEFAULT CHARSET=latin1;

-- --------------------------------------------------------

--
-- Table structure for table `tbl5pertrans`
--

CREATE TABLE IF NOT EXISTS `tbl5pertrans` (
  `TransNo` int(11) DEFAULT NULL,
  `Desc` varchar(255) DEFAULT NULL,
  `AcNo` varchar(50) DEFAULT NULL,
  `Dr` double DEFAULT NULL,
  `Cr` double DEFAULT NULL,
  `TSer` int(11) NOT NULL,
  `ABal` double DEFAULT NULL,
  `IRate` double DEFAULT NULL,
  `IDays` int(11) DEFAULT NULL,
  `IntDr` double DEFAULT NULL,
  `IntCr` double DEFAULT NULL,
  `IntBal` double DEFAULT NULL,
  `INDate` varchar(50) DEFAULT NULL,
  `IEDate` date DEFAULT NULL,
  `PIRate` double DEFAULT NULL,
  `PIDays` double DEFAULT NULL,
  `PIntDr` double DEFAULT NULL,
  `PIntCr` double DEFAULT NULL,
  `PIntBal` double DEFAULT NULL,
  `IncIntDr` double DEFAULT NULL,
  `IncIntCr` double DEFAULT NULL,
  `IncPintdr` double DEFAULT NULL,
  `IncPintCr` double DEFAULT NULL
) ENGINE=InnoDB DEFAULT CHARSET=latin1;

-- --------------------------------------------------------

--
-- Table structure for table `tbl51trans`
--

CREATE TABLE IF NOT EXISTS `tbl51trans` (
  `TransNo` int(11) DEFAULT NULL,
  `Desc` varchar(255) DEFAULT NULL,
  `ACode` int(11) DEFAULT NULL,
  `Dr` double DEFAULT NULL,
  `Cr` double DEFAULT NULL,
  `TSer` int(11) NOT NULL
) ENGINE=InnoDB DEFAULT CHARSET=latin1;

-- --------------------------------------------------------

--
-- Table structure for table `tblagent`
--

CREATE TABLE IF NOT EXISTS `tblagent` (
  `agentid` varchar(3) DEFAULT NULL,
  `agentname` varchar(50) DEFAULT NULL,
  `agentaddress` varchar(50) DEFAULT NULL,
  `agentphone` varchar(50) DEFAULT NULL
) ENGINE=InnoDB DEFAULT CHARSET=latin1;

-- --------------------------------------------------------

--
-- Table structure for table `tblalltrans`
--

CREATE TABLE IF NOT EXISTS `tblalltrans` (
  `TransNo` int(11) DEFAULT NULL,
  `Ndate` varchar(255) DEFAULT NULL,
  `ACode` varchar(50) DEFAULT NULL,
  `AHead` varchar(150) DEFAULT NULL,
  `Dr` double DEFAULT NULL,
  `Cr` double DEFAULT NULL
) ENGINE=InnoDB DEFAULT CHARSET=latin1;

-- --------------------------------------------------------

--
-- Table structure for table `tblbalsheet`
--

CREATE TABLE IF NOT EXISTS `tblbalsheet` (
  `MCode` int(11) DEFAULT NULL,
  `MHead` varchar(255) DEFAULT NULL,
  `ACode` int(11) DEFAULT NULL,
  `AHead` varchar(255) DEFAULT NULL,
  `Bal` double DEFAULT NULL,
  `DrBal` double DEFAULT NULL,
  `CrBal` double DEFAULT NULL
) ENGINE=InnoDB DEFAULT CHARSET=latin1;

-- --------------------------------------------------------

--
-- Table structure for table `tblblocat`
--

CREATE TABLE IF NOT EXISTS `tblblocat` (
  `BLocation` varchar(50) DEFAULT NULL,
  `Sn` int(11) DEFAULT NULL
) ENGINE=InnoDB DEFAULT CHARSET=latin1;

--
-- Dumping data for table `tblblocat`
--

INSERT INTO `tblblocat` (`BLocation`, `Sn`) VALUES
('F:\\Databackup', 1);

-- --------------------------------------------------------

--
-- Table structure for table `tblcdate`
--

CREATE TABLE IF NOT EXISTS `tblcdate` (
  `CDate` date NOT NULL,
  `CNDate` varchar(50) DEFAULT NULL
) ENGINE=InnoDB DEFAULT CHARSET=latin1;

--
-- Dumping data for table `tblcdate`
--

INSERT INTO `tblcdate` (`CDate`, `CNDate`) VALUES
('2017-08-18', '20740502');

-- --------------------------------------------------------

--
-- Table structure for table `tblchequeissue`
--

CREATE TABLE IF NOT EXISTS `tblchequeissue` (
  `TrNo` int(11) DEFAULT NULL,
  `TrDateN` varchar(50) DEFAULT NULL,
  `TrDateE` datetime DEFAULT NULL,
  `ACode` int(11) DEFAULT NULL,
  `AcNo` varchar(50) DEFAULT NULL,
  `IssuedFrom` varchar(50) DEFAULT NULL,
  `IssuedTo` varchar(50) DEFAULT NULL,
  `ChequeWithD` varchar(50) DEFAULT NULL
) ENGINE=InnoDB DEFAULT CHARSET=latin1;

-- --------------------------------------------------------

--
-- Table structure for table `tblchequeissuecus`
--

CREATE TABLE IF NOT EXISTS `tblchequeissuecus` (
  `TrNo` int(11) DEFAULT NULL,
  `TrDateN` varchar(50) DEFAULT NULL,
  `TrDateE` datetime DEFAULT NULL,
  `pid` int(11) DEFAULT NULL,
  `IssuedFrom` varchar(50) DEFAULT NULL,
  `IssuedTo` varchar(50) DEFAULT NULL,
  `ChequeWithD` varchar(50) DEFAULT NULL,
  `CheqAmt` double DEFAULT NULL
) ENGINE=InnoDB DEFAULT CHARSET=latin1;

-- --------------------------------------------------------

--
-- Table structure for table `tblcolleaf`
--

CREATE TABLE IF NOT EXISTS `tblcolleaf` (
  `TrNo` int(11) DEFAULT NULL,
  `LeafNo` int(11) DEFAULT NULL,
  `Tdate` varchar(50) DEFAULT NULL,
  `PID` int(11) DEFAULT NULL,
  `FileNo` varchar(255) DEFAULT NULL,
  `CNameAdd` varchar(255) DEFAULT NULL,
  `AcNo` varchar(50) DEFAULT NULL,
  `ACode` int(11) DEFAULT NULL,
  `AcHead` varchar(50) DEFAULT NULL,
  `Irate` double DEFAULT NULL,
  `LastLoan` double DEFAULT NULL,
  `LastODLoan` double DEFAULT NULL,
  `IRecCol` double DEFAULT NULL,
  `IntIncCol` double DEFAULT NULL,
  `PenalIntRecCol` double DEFAULT NULL,
  `PenalIntIncCol` double DEFAULT NULL,
  `TotIntCol` double DEFAULT NULL,
  `PrinColDue` double DEFAULT NULL,
  `IntRebateAmt` double DEFAULT NULL,
  `NetAmt` double DEFAULT NULL,
  `CollAc` varchar(11) DEFAULT NULL,
  `FromAcAmt` double DEFAULT NULL,
  `FromCash` double DEFAULT NULL,
  `PrincRemain` double DEFAULT NULL,
  `IntRemain` double DEFAULT NULL,
  `IntDate` varchar(10) DEFAULT NULL
) ENGINE=InnoDB DEFAULT CHARSET=latin1;

-- --------------------------------------------------------

--
-- Table structure for table `tblcommission`
--

CREATE TABLE IF NOT EXISTS `tblcommission` (
  `ACode` int(11) DEFAULT NULL,
  `Ahead` varchar(50) DEFAULT NULL
) ENGINE=InnoDB DEFAULT CHARSET=latin1;

--
-- Dumping data for table `tblcommission`
--

INSERT INTO `tblcommission` (`ACode`, `Ahead`) VALUES
(41201, 'Late Fee'),
(41202, 'Passbook Fee'),
(41203, 'Admission Fee'),
(41204, 'Membership Fee'),
(41205, 'Form Sale Income'),
(41206, 'Service Charge'),
(41207, 'Other income'),
(41208, 'remit commision');

-- --------------------------------------------------------

--
-- Table structure for table `tbldateconv`
--

CREATE TABLE IF NOT EXISTS `tbldateconv` (
  `NYr` varchar(50) CHARACTER SET utf8 DEFAULT NULL,
  `EDate` date DEFAULT NULL,
  `M1` int(11) DEFAULT NULL,
  `M2` int(11) DEFAULT NULL,
  `M3` int(11) DEFAULT NULL,
  `M4` int(11) DEFAULT NULL,
  `M5` int(11) DEFAULT NULL,
  `M6` int(11) DEFAULT NULL,
  `M7` int(11) DEFAULT NULL,
  `M8` int(11) DEFAULT NULL,
  `M9` int(11) DEFAULT NULL,
  `M10` int(11) DEFAULT NULL,
  `M11` int(11) DEFAULT NULL,
  `M12` int(11) DEFAULT NULL
) ENGINE=InnoDB DEFAULT CHARSET=latin1;

--
-- Dumping data for table `tbldateconv`
--

INSERT INTO `tbldateconv` (`NYr`, `EDate`, `M1`, `M2`, `M3`, `M4`, `M5`, `M6`, `M7`, `M8`, `M9`, `M10`, `M11`, `M12`) VALUES
('2010', '1953-04-13', 31, 31, 32, 32, 31, 30, 30, 29, 30, 29, 30, 30),
('2011', '1954-04-13', 31, 32, 31, 32, 31, 30, 30, 30, 29, 29, 30, 31),
('2012', '1955-04-14', 31, 31, 31, 32, 31, 31, 29, 30, 30, 29, 30, 30),
('2013', '1956-04-13', 31, 31, 32, 31, 31, 31, 30, 29, 30, 29, 30, 30),
('2014', '1957-04-13', 31, 31, 32, 32, 31, 30, 30, 29, 30, 29, 30, 30),
('2015', '1958-04-13', 31, 32, 31, 32, 31, 30, 30, 30, 29, 29, 30, 31),
('2016', '1959-04-14', 31, 31, 31, 32, 31, 31, 29, 30, 30, 29, 30, 30),
('2017', '1960-04-13', 31, 31, 32, 31, 31, 31, 30, 29, 30, 29, 30, 30),
('2018', '1961-04-13', 31, 32, 31, 32, 31, 30, 30, 29, 30, 29, 30, 30),
('2019', '1962-04-13', 31, 32, 31, 32, 31, 30, 30, 30, 29, 30, 29, 31),
('2020', '1963-04-14', 31, 31, 31, 32, 31, 31, 30, 29, 30, 29, 30, 30),
('2021', '1964-04-13', 31, 31, 32, 31, 31, 31, 30, 29, 30, 29, 30, 30),
('2022', '1965-04-13', 31, 32, 31, 32, 31, 30, 30, 30, 29, 29, 30, 30),
('2023', '1966-04-13', 31, 32, 31, 32, 31, 30, 30, 30, 29, 30, 29, 31),
('2024', '1968-04-14', 31, 31, 31, 32, 31, 31, 30, 29, 30, 29, 30, 30),
('2025', '1968-04-13', 31, 31, 32, 31, 31, 31, 30, 29, 30, 29, 30, 30),
('2026', '1969-04-13', 31, 32, 31, 31, 31, 30, 30, 30, 29, 29, 30, 31),
('2027', '1970-04-14', 30, 32, 31, 32, 31, 30, 30, 30, 29, 30, 29, 31),
('2028', '1971-04-14', 31, 31, 32, 31, 31, 31, 30, 29, 30, 29, 30, 30),
('2029', '1972-04-13', 31, 31, 32, 31, 32, 30, 30, 29, 30, 29, 30, 30),
('2030', '1973-04-13', 31, 32, 31, 32, 31, 30, 30, 30, 29, 29, 30, 31),
('2031', '1974-04-14', 30, 32, 31, 32, 30, 30, 30, 30, 29, 30, 29, 31),
('2032', '1975-04-14', 31, 31, 32, 31, 31, 31, 30, 29, 30, 29, 30, 30),
('2033', '1976-04-13', 31, 31, 32, 32, 31, 30, 30, 29, 30, 29, 30, 29),
('2034', '1977-04-13', 31, 32, 31, 32, 31, 30, 30, 30, 29, 29, 30, 31),
('2035', '1978-04-14', 30, 32, 31, 32, 31, 31, 29, 30, 30, 29, 29, 31),
('2036', '1979-04-14', 31, 31, 32, 31, 31, 31, 30, 29, 30, 29, 30, 30),
('2037', '1980-04-13', 31, 31, 32, 32, 31, 30, 30, 29, 30, 29, 30, 30),
('2038', '1981-04-13', 31, 32, 31, 32, 31, 30, 30, 30, 29, 29, 30, 31),
('2039', '1982-04-14', 31, 31, 31, 32, 31, 31, 29, 30, 30, 29, 30, 30),
('2040', '1983-04-14', 31, 31, 32, 31, 31, 31, 30, 29, 30, 29, 30, 30),
('2041', '1984-04-13', 31, 31, 32, 32, 31, 30, 30, 29, 30, 29, 30, 30),
('2042', '1985-04-13', 31, 32, 31, 32, 31, 30, 30, 30, 29, 29, 30, 31),
('2043', '1986-04-14', 31, 31, 31, 32, 31, 31, 29, 30, 30, 29, 30, 30),
('2044', '1987-04-14', 31, 31, 32, 31, 31, 31, 30, 29, 30, 29, 30, 30),
('2045', '1988-04-13', 31, 32, 31, 32, 31, 30, 30, 29, 30, 29, 30, 30),
('2046', '1989-04-13', 31, 32, 31, 32, 31, 30, 30, 30, 29, 29, 30, 31),
('2047', '1990-04-14', 31, 31, 31, 32, 31, 31, 30, 29, 30, 29, 30, 30),
('2048', '1991-04-14', 31, 31, 32, 31, 31, 31, 30, 29, 30, 29, 30, 30),
('2049', '1992-04-13', 31, 32, 31, 32, 31, 30, 30, 30, 29, 29, 30, 30),
('2050', '1993-04-13', 31, 32, 31, 32, 31, 30, 30, 30, 29, 30, 29, 31),
('2051', '1994-04-14', 31, 31, 31, 32, 31, 31, 30, 29, 30, 29, 30, 30),
('2052', '1995-04-14', 31, 31, 32, 31, 31, 31, 30, 29, 30, 29, 30, 30),
('2053', '1996-04-13', 31, 32, 31, 32, 31, 30, 30, 30, 29, 29, 30, 30),
('2054', '1997-04-13', 31, 32, 31, 32, 31, 30, 30, 30, 29, 30, 29, 31),
('2055', '1998-04-14', 31, 31, 32, 31, 31, 31, 30, 29, 30, 29, 30, 30),
('2056', '1999-04-14', 31, 31, 32, 31, 32, 30, 30, 29, 30, 29, 30, 30),
('2057', '2000-04-13', 31, 32, 31, 32, 31, 30, 30, 30, 29, 29, 30, 31),
('2058', '2001-04-14', 30, 32, 31, 32, 31, 30, 30, 30, 29, 30, 29, 31),
('2059', '2002-04-14', 31, 31, 32, 31, 31, 31, 30, 29, 30, 29, 30, 30),
('2060', '2003-04-14', 31, 31, 32, 32, 31, 30, 30, 29, 30, 29, 30, 30),
('2061', '2004-04-13', 31, 32, 31, 32, 31, 30, 30, 30, 29, 29, 30, 31),
('2062', '2005-04-14', 31, 31, 31, 32, 31, 31, 29, 30, 29, 30, 29, 31),
('2063', '2006-04-14', 31, 31, 32, 31, 31, 31, 30, 29, 30, 29, 30, 30),
('2064', '2007-04-14', 31, 31, 32, 32, 31, 30, 30, 29, 30, 29, 30, 30),
('2065', '2008-04-13', 31, 32, 31, 32, 31, 30, 30, 30, 29, 29, 30, 31),
('2066', '2009-04-14', 31, 31, 31, 32, 31, 31, 29, 30, 30, 29, 29, 31),
('2067', '2010-04-14', 31, 31, 32, 31, 31, 31, 30, 29, 30, 29, 30, 30),
('2068', '2011-04-14', 31, 31, 32, 32, 31, 30, 30, 29, 30, 29, 30, 30),
('2069', '2012-04-13', 31, 32, 31, 32, 31, 30, 30, 30, 29, 29, 30, 31),
('2070', '2013-04-14', 31, 31, 31, 32, 31, 31, 29, 30, 30, 29, 30, 30),
('2071', '2014-04-14', 31, 31, 32, 31, 31, 31, 30, 29, 30, 29, 30, 30),
('2072', '2015-04-14', 31, 32, 31, 32, 31, 30, 30, 29, 30, 29, 30, 30),
('2073', '2016-04-13', 31, 32, 31, 32, 31, 30, 30, 30, 29, 29, 30, 31),
('2074', '2017-04-14', 31, 31, 31, 32, 31, 31, 29, 30, 29, 29, 30, 30),
('2075', '2018-04-14', 31, 31, 32, 31, 31, 31, 30, 29, 30, 29, 30, 30),
('2076', '2019-04-14', 31, 32, 31, 32, 31, 30, 30, 30, 29, 29, 30, 30),
('2077', '2020-04-13', 31, 32, 31, 32, 31, 30, 30, 30, 29, 30, 29, 31),
('2078', '2021-04-14', 31, 31, 31, 32, 31, 31, 30, 29, 30, 29, 30, 30),
('2079', '2022-04-14', 31, 31, 32, 31, 31, 31, 30, 29, 30, 29, 30, 30),
('2080', '2023-04-14', 31, 32, 31, 32, 31, 30, 30, 30, 29, 29, 30, 30),
('2081', '2024-04-13', 31, 31, 32, 32, 31, 30, 30, 30, 29, 30, 30, 30),
('2082', '2025-04-14', 30, 32, 31, 32, 31, 30, 30, 30, 29, 30, 30, 30),
('2083', '2026-04-14', 31, 31, 32, 31, 31, 30, 30, 30, 29, 30, 30, 30),
('2084', '2027-04-14', 31, 31, 32, 31, 31, 30, 30, 30, 29, 30, 30, 30),
('2085', '2028-04-13', 31, 32, 31, 32, 30, 31, 30, 30, 29, 30, 30, 30),
('2086', '2029-04-14', 30, 32, 31, 32, 31, 30, 30, 30, 29, 30, 30, 30),
('2087', '2030-04-14', 31, 31, 32, 31, 31, 31, 30, 30, 29, 30, 30, 30),
('2088', '2031-04-15', 30, 31, 32, 32, 30, 31, 30, 30, 29, 30, 30, 30),
('2089', '2032-04-14', 30, 32, 31, 32, 31, 30, 30, 30, 29, 30, 30, 30),
('2090', '2033-04-14', 30, 32, 31, 32, 31, 30, 30, 30, 29, 30, 30, 30),
('2091', '2034-04-14', 31, 31, 32, 31, 31, 31, 30, 30, 29, 30, 30, 30),
('2092', '2035-04-15', 30, 31, 32, 32, 31, 30, 30, 30, 29, 30, 30, 30),
('2093', '2036-04-14', 30, 32, 31, 32, 31, 30, 30, 30, 29, 30, 30, 30),
('2094', '2037-04-14', 31, 31, 32, 31, 31, 30, 30, 30, 29, 30, 30, 30),
('2095', '2038-04-14', 31, 31, 32, 31, 31, 31, 30, 29, 30, 30, 30, 30),
('2096', '2039-04-15', 30, 31, 32, 32, 31, 30, 30, 29, 30, 29, 30, 30),
('2097', '2040-04-13', 31, 32, 31, 32, 31, 30, 30, 30, 29, 30, 30, 30),
('2098', '2041-04-14', 31, 31, 32, 31, 31, 31, 29, 30, 29, 30, 29, 31),
('2099', '2042-04-14', 31, 31, 32, 31, 31, 31, 30, 29, 29, 30, 30, 30);

-- --------------------------------------------------------

--
-- Table structure for table `tbldeptype`
--

CREATE TABLE IF NOT EXISTS `tbldeptype` (
  `DepID` varchar(2) DEFAULT NULL,
  `DepType` varchar(20) DEFAULT NULL,
  `Discount` double DEFAULT NULL
) ENGINE=InnoDB DEFAULT CHARSET=latin1;

--
-- Dumping data for table `tbldeptype`
--

INSERT INTO `tbldeptype` (`DepID`, `DepType`, `Discount`) VALUES
('00', 'Individual', 0),
('01', 'Institutiional', 0),
('02', 'Staff', 0),
('03', 'Female', 0),
('04', 'Jestha Nagarik', 0);

-- --------------------------------------------------------

--
-- Table structure for table `tblgr`
--

CREATE TABLE IF NOT EXISTS `tblgr` (
  `GroupID` varchar(3) DEFAULT NULL,
  `Groupname` varchar(25) DEFAULT NULL,
  `Groupadd` varchar(35) DEFAULT NULL
) ENGINE=InnoDB DEFAULT CHARSET=latin1;

-- --------------------------------------------------------

--
-- Table structure for table `tblguarenters`
--

CREATE TABLE IF NOT EXISTS `tblguarenters` (
  `AcNo` varchar(50) DEFAULT NULL,
  `PID` int(11) DEFAULT NULL
) ENGINE=InnoDB DEFAULT CHARSET=latin1;

-- --------------------------------------------------------

--
-- Table structure for table `tblloancolltmp`
--

CREATE TABLE IF NOT EXISTS `tblloancolltmp` (
  `AcNo` varchar(50) DEFAULT NULL,
  `RepDateN` varchar(50) DEFAULT NULL,
  `Tamt` double DEFAULT NULL,
  `OnDueAmt` double DEFAULT NULL,
  `OverDueAmt` double DEFAULT NULL,
  `IDateS` varchar(50) DEFAULT NULL,
  `IDateN` varchar(50) DEFAULT NULL,
  `IDays` smallint(6) DEFAULT NULL,
  `IDays1` smallint(6) DEFAULT NULL,
  `IDays2` smallint(6) DEFAULT NULL,
  `IDays3` smallint(6) DEFAULT NULL,
  `IRate` double DEFAULT NULL,
  `PIRate1` double DEFAULT NULL,
  `PIRate2` double DEFAULT NULL,
  `PIRate3` double DEFAULT NULL,
  `IntAmt` double DEFAULT NULL,
  `IntAmt1` double DEFAULT NULL,
  `IntAmt2` double DEFAULT NULL,
  `IntAmt3` double DEFAULT NULL,
  `TIntAmt` double DEFAULT NULL
) ENGINE=InnoDB DEFAULT CHARSET=latin1;

-- --------------------------------------------------------

--
-- Table structure for table `tblloandetail`
--

CREATE TABLE IF NOT EXISTS `tblloandetail` (
  `AcNo` varchar(50) DEFAULT NULL,
  `ScheNo` float DEFAULT NULL,
  `AppDateN` varchar(50) DEFAULT NULL,
  `AppDateE` datetime DEFAULT NULL,
  `AppAmt` double DEFAULT NULL,
  `RePayDateN` varchar(50) DEFAULT NULL,
  `RePayDateE` datetime DEFAULT NULL,
  `ScheDuleType` varchar(255) DEFAULT NULL,
  `Freq` smallint(6) DEFAULT NULL
) ENGINE=InnoDB DEFAULT CHARSET=latin1;

-- --------------------------------------------------------

--
-- Table structure for table `tblo`
--

CREATE TABLE IF NOT EXISTS `tblo` (
  `Oname` varchar(255) DEFAULT NULL,
  `OAdd` varchar(255) DEFAULT NULL,
  `OPhone` varchar(255) DEFAULT NULL,
  `OPan` varchar(50) DEFAULT NULL,
  `Cat` tinyint(4) DEFAULT NULL,
  `ONameNep` varchar(100) DEFAULT NULL,
  `OAddNep` varchar(100) DEFAULT NULL,
  `cheq` tinyint(4) DEFAULT NULL
) ENGINE=InnoDB DEFAULT CHARSET=latin1;

--
-- Dumping data for table `tblo`
--

INSERT INTO `tblo` (`Oname`, `OAdd`, `OPhone`, `OPan`, `Cat`, `ONameNep`, `OAddNep`, `cheq`) VALUES
('Coop', 'Kathmandu', '.', '.', 1, '.', '.', 1);

-- --------------------------------------------------------

--
-- Table structure for table `tblreceipt`
--

CREATE TABLE IF NOT EXISTS `tblreceipt` (
  `RecNo` int(11) DEFAULT NULL,
  `AccountNo` varchar(50) DEFAULT NULL,
  `StName` varchar(50) DEFAULT NULL,
  `TrDate` varchar(50) DEFAULT NULL,
  `Description` varchar(255) DEFAULT NULL,
  `RecAmt` double DEFAULT NULL,
  `RecBy` varchar(50) DEFAULT NULL,
  `TransNo` int(11) DEFAULT NULL
) ENGINE=InnoDB DEFAULT CHARSET=latin1;

-- --------------------------------------------------------

--
-- Table structure for table `tblrepayschedule`
--

CREATE TABLE IF NOT EXISTS `tblrepayschedule` (
  `AcNo` varchar(50) DEFAULT NULL,
  `ScheNo` float DEFAULT NULL,
  `RepDateN` varchar(50) DEFAULT NULL,
  `RepDateE` datetime DEFAULT NULL,
  `Amt` double DEFAULT NULL,
  `CollAmt` double DEFAULT NULL,
  `BalAmt` double DEFAULT NULL
) ENGINE=InnoDB DEFAULT CHARSET=latin1;

-- --------------------------------------------------------

--
-- Table structure for table `tblrepayscheduletemp`
--

CREATE TABLE IF NOT EXISTS `tblrepayscheduletemp` (
  `AcNo` varchar(50) DEFAULT NULL,
  `ScheNo` float DEFAULT NULL,
  `RepDateN` varchar(50) DEFAULT NULL,
  `RepDateE` datetime DEFAULT NULL,
  `Amt` double DEFAULT NULL,
  `CollAmt` double DEFAULT NULL,
  `BalAmt` double DEFAULT NULL
) ENGINE=InnoDB DEFAULT CHARSET=latin1;

-- --------------------------------------------------------

--
-- Table structure for table `tblsharecert`
--

CREATE TABLE IF NOT EXISTS `tblsharecert` (
  `ShareHolderID` varchar(20) DEFAULT NULL,
  `ShareCertNo` varchar(20) DEFAULT NULL,
  `Sharefrom` varchar(10) DEFAULT NULL,
  `Shareto` varchar(10) DEFAULT NULL,
  `TotalshareNos` int(11) DEFAULT NULL,
  `ShareDate` varchar(8) DEFAULT NULL
) ENGINE=InnoDB DEFAULT CHARSET=latin1;

-- --------------------------------------------------------

--
-- Table structure for table `tblshareholder`
--

CREATE TABLE IF NOT EXISTS `tblshareholder` (
  `ShareHolderID` varchar(20) NOT NULL DEFAULT '',
  `ShareHolderName` varchar(35) DEFAULT NULL,
  `AddDistrict` varchar(35) DEFAULT NULL,
  `AddVdc` varchar(35) DEFAULT NULL,
  `AddWardNo` varchar(2) DEFAULT NULL,
  `AddTole` varchar(35) DEFAULT NULL,
  `Citizenshipno` varchar(35) DEFAULT NULL,
  `Passportno` varchar(35) DEFAULT NULL,
  `AddPhone` varchar(50) DEFAULT NULL
) ENGINE=InnoDB DEFAULT CHARSET=latin1;

--
-- Dumping data for table `tblshareholder`
--

INSERT INTO `tblshareholder` (`ShareHolderID`, `ShareHolderName`, `AddDistrict`, `AddVdc`, `AddWardNo`, `AddTole`, `Citizenshipno`, `Passportno`, `AddPhone`) VALUES
('1234', 'Sunil', 'Jajarkot', 'Khalanga', '3', '', '', '', '');

-- --------------------------------------------------------

--
-- Table structure for table `tblsrate`
--

CREATE TABLE IF NOT EXISTS `tblsrate` (
  `ACode` int(11) DEFAULT NULL,
  `AHead` varchar(50) DEFAULT NULL,
  `Ir` double DEFAULT NULL,
  `Ir1` double DEFAULT NULL,
  `MinBal` double DEFAULT NULL,
  `MaxBal` double DEFAULT NULL,
  `TaxRate` double DEFAULT NULL
) ENGINE=InnoDB DEFAULT CHARSET=latin1;

--
-- Dumping data for table `tblsrate`
--

INSERT INTO `tblsrate` (`ACode`, `AHead`, `Ir`, `Ir1`, `MinBal`, `MaxBal`, `TaxRate`) VALUES
(11101, 'Current Deposit', 0, 0, 0, 0, 0),
(11202, 'Subhakamana Saving', 15, 15, 0, 100000000, 5),
(11203, 'Monthly Saving', 12, 12, 0, 100000000, 5),
(11204, 'Voluntery Saving', 6.5, 6.5, 0, 100000000, 5),
(11205, 'Staff Saving Account', 12, 12, 0, 0, 5),
(11301, 'Fixed Deposit upto 3 months', 7.25, 7.25, 10000, 100000000, 5),
(11302, 'Fixed Deposit 6 Months', 10, 10, 10000, 100000000, 5),
(11303, 'Fixed Deposit 9 months', 7.75, 7.75, 10000, 100000000, 5),
(11304, 'Fixed Deposit 1Yr', 11, 11, 10000, 100000000, 5),
(11305, 'Fixed Deposit 1 Yr', 9, 9, 10000, 100000000, 5),
(11306, 'Fixed Deposit More than 2-5Yr', 10, 10, 10000, 100000000, 5),
(11307, 'Fixed Deposit More 5 yrs', 0, 0, 0, 0, 5),
(25101, 'Loan', 15, 24, 0, 0, 0),
(25103, 'new business  Loan', 15, 24, 0, 0, 0);

-- --------------------------------------------------------

--
-- Table structure for table `tblsratep`
--

CREATE TABLE IF NOT EXISTS `tblsratep` (
  `ACode` int(11) DEFAULT NULL,
  `PRate1` double DEFAULT NULL,
  `PRate2` double DEFAULT NULL,
  `PRate3` double DEFAULT NULL
) ENGINE=InnoDB DEFAULT CHARSET=latin1;

--
-- Dumping data for table `tblsratep`
--

INSERT INTO `tblsratep` (`ACode`, `PRate1`, `PRate2`, `PRate3`) VALUES
(0, 3, 0, 7),
(25103, 3, 0, 7);

-- --------------------------------------------------------

--
-- Table structure for table `tblupdate`
--

CREATE TABLE IF NOT EXISTS `tblupdate` (
  `UpdateVal` varchar(1) DEFAULT NULL
) ENGINE=InnoDB DEFAULT CHARSET=latin1;

--
-- Dumping data for table `tblupdate`
--

INSERT INTO `tblupdate` (`UpdateVal`) VALUES
('1');

-- --------------------------------------------------------

--
-- Table structure for table `tbluser`
--

CREATE TABLE IF NOT EXISTS `tbluser` (
  `UserName` varchar(50) DEFAULT NULL,
  `Password` varchar(50) DEFAULT NULL,
  `Role` varchar(50) DEFAULT NULL,
  `StaffName` varchar(50) DEFAULT NULL,
  `Status` tinyint(4) DEFAULT NULL
) ENGINE=InnoDB DEFAULT CHARSET=latin1;

--
-- Dumping data for table `tbluser`
--

INSERT INTO `tbluser` (`UserName`, `Password`, `Role`, `StaffName`, `Status`) VALUES
('admin', 'admin', 'admin', 'Administrator', 0);

-- --------------------------------------------------------

--
-- Table structure for table `tblworkingoffice`
--

CREATE TABLE IF NOT EXISTS `tblworkingoffice` (
  `officeid` varchar(3) NOT NULL DEFAULT '',
  `officename` varchar(50) DEFAULT NULL,
  `officeaddress` varchar(50) DEFAULT NULL,
  `officetelephone` varchar(50) DEFAULT NULL
) ENGINE=InnoDB DEFAULT CHARSET=latin1;

-- --------------------------------------------------------

--
-- Table structure for table `transactiontbl`
--

CREATE TABLE IF NOT EXISTS `transactiontbl` (
  `Id` varchar(12) CHARACTER SET utf8 DEFAULT NULL,
  `refNo` varchar(35) CHARACTER SET utf8 DEFAULT NULL,
  `transactionType` varchar(2) CHARACTER SET utf8 DEFAULT NULL,
  `valueDate` varchar(10) CHARACTER SET utf8 DEFAULT NULL,
  `bookingDate` varchar(10) CHARACTER SET utf8 DEFAULT NULL,
  `debitAccountNumber` varchar(20) CHARACTER SET utf8 DEFAULT NULL,
  `debitCurrency` varchar(3) CHARACTER SET utf8 DEFAULT NULL,
  `debitNarrative` varchar(35) CHARACTER SET utf8 DEFAULT NULL,
  `creditAccountNumber` varchar(20) CHARACTER SET utf8 DEFAULT NULL,
  `creditCurrency` varchar(3) CHARACTER SET utf8 DEFAULT NULL,
  `creditNarative` varchar(35) CHARACTER SET utf8 DEFAULT NULL,
  `amount` double(16,2) DEFAULT NULL,
  `commissionCode` varchar(3) CHARACTER SET utf8 DEFAULT NULL,
  `commissionType` varchar(30) CHARACTER SET utf8 DEFAULT NULL,
  `commissionAmount` double(16,2) DEFAULT NULL,
  `chequeNumber` varchar(35) CHARACTER SET utf8 DEFAULT NULL,
  `processingDate` datetime DEFAULT CURRENT_TIMESTAMP,
  `Override` varchar(150) CHARACTER SET utf8 DEFAULT NULL,
  `recordStatus` varchar(4) CHARACTER SET utf8 DEFAULT 'UNAU',
  `branchCode` varchar(10) CHARACTER SET utf8 DEFAULT NULL,
  `inputter` varchar(150) CHARACTER SET utf8 DEFAULT NULL,
  `authorizer` varchar(150) CHARACTER SET utf8 DEFAULT NULL
) ENGINE=InnoDB DEFAULT CHARSET=latin1;

--
-- Dumping data for table `transactiontbl`
--

INSERT INTO `transactiontbl` (`Id`, `refNo`, `transactionType`, `valueDate`, `bookingDate`, `debitAccountNumber`, `debitCurrency`, `debitNarrative`, `creditAccountNumber`, `creditCurrency`, `creditNarative`, `amount`, `commissionCode`, `commissionType`, `commissionAmount`, `chequeNumber`, `processingDate`, `Override`, `recordStatus`, `branchCode`, `inputter`, `authorizer`) VALUES
('123', '', '', '', '', '', '', '', '', '', '', 0.00, '', '', 0.00, '', '2017-11-11 02:15:15', '', '', '', 'admin', NULL),
('11', '11', '1', '1', '1', '1', '1', '1', '1', '1', '1', 1.00, '1', '1', 1.00, '1', '2017-11-11 02:15:15', '1', '1', '1', 'admin', NULL);

-- --------------------------------------------------------

--
-- Table structure for table `typetbl`
--

CREATE TABLE IF NOT EXISTS `typetbl` (
  `typeid` int(11) NOT NULL DEFAULT '0',
  `typeName` varchar(30) CHARACTER SET utf8 NOT NULL
) ENGINE=InnoDB DEFAULT CHARSET=latin1;

--
-- Dumping data for table `typetbl`
--

INSERT INTO `typetbl` (`typeid`, `typeName`) VALUES
(1, 'type1'),
(2, 'none');

-- --------------------------------------------------------

--
-- Table structure for table `usertbl`
--

CREATE TABLE IF NOT EXISTS `usertbl` (
  `userid` int(11) NOT NULL DEFAULT '0',
  `username` varchar(50) CHARACTER SET utf8 NOT NULL,
  `password` varchar(100) CHARACTER SET utf8 NOT NULL,
  `status` varchar(1) CHARACTER SET utf8 NOT NULL,
  `reserved1` varchar(50) CHARACTER SET utf8 DEFAULT NULL,
  `reserved2` varchar(50) CHARACTER SET utf8 DEFAULT NULL,
  `reserved3` varchar(50) CHARACTER SET utf8 DEFAULT NULL,
  `reserved4` varchar(50) CHARACTER SET utf8 DEFAULT NULL,
  `reserved5` varchar(50) CHARACTER SET utf8 DEFAULT NULL
) ENGINE=InnoDB DEFAULT CHARSET=latin1;

--
-- Dumping data for table `usertbl`
--

INSERT INTO `usertbl` (`userid`, `username`, `password`, `status`, `reserved1`, `reserved2`, `reserved3`, `reserved4`, `reserved5`) VALUES
(1, 'admin', 'admin', '1', NULL, NULL, NULL, NULL, NULL);

-- --------------------------------------------------------

--
-- Table structure for table `vdccodes`
--

CREATE TABLE IF NOT EXISTS `vdccodes` (
  `VDCCode` varchar(5) NOT NULL,
  `VDCName` varchar(100) NOT NULL,
  `WardCount` int(11) NOT NULL,
  `DistrictCode` int(11) NOT NULL
) ENGINE=InnoDB DEFAULT CHARSET=latin1;

--
-- Dumping data for table `vdccodes`
--

INSERT INTO `vdccodes` (`VDCCode`, `VDCName`, `WardCount`, `DistrictCode`) VALUES
('10101', 'Fungling', 11, 1),
('10102', 'Athrai Tribeni', 5, 1),
('10103', 'Sidingwa', 7, 1),
('10104', 'Faktanglung', 7, 1),
('10105', 'Mikhwakhola', 5, 1),
('10106', 'Meringden', 6, 1),
('10107', 'Maiwakhola', 6, 1),
('10108', 'Yangwarak', 6, 1),
('10109', 'Sirijunga', 8, 1),
('10201', 'Fidim', 14, 2),
('10202', 'Falelung', 8, 2),
('10203', 'Falgunanda', 7, 2),
('10204', 'Hilihang', 7, 2),
('10205', 'Kummayek', 5, 2),
('10206', 'Miklajung', 8, 2),
('10207', 'Tumwewa', 5, 2),
('10208', 'Yangwarak', 6, 2),
('10301', 'Illam', 12, 3),
('10302', 'Deumai', 9, 3),
('10303', 'Mai', 10, 3),
('10304', 'Suryodaya', 14, 3),
('10305', 'Fakfokthum', 7, 3),
('10306', 'Chulachuli', 6, 3),
('10307', 'Maijogmai', 6, 3),
('10308', 'Mangsebung', 6, 3),
('10309', 'Rong', 6, 3),
('10310', 'Sandakpur', 5, 3),
('10401', 'Mechinagar', 15, 4),
('10402', 'Damak', 10, 4),
('10403', 'Kankai', 9, 4),
('10404', 'Bhadrapur', 10, 4),
('10405', 'Arjundhara', 11, 4),
('10406', 'Shivasatakshi', 11, 4),
('10407', 'Gauradaha', 9, 4),
('10408', 'Birtamod', 10, 4),
('10409', 'Kamal', 7, 4),
('10410', 'Gaurigunj', 6, 4),
('10411', 'Barhadashi', 7, 4),
('10412', 'Jhapa', 7, 4),
('10413', 'Buddhasanti', 7, 4),
('10414', 'Haldibari', 5, 4),
('10415', 'Kachankawal', 7, 4),
('10501', 'Chainpur', 11, 5),
('10502', 'Dharmadevi', 9, 5),
('10503', 'Khaadbaari', 11, 5),
('10504', 'Madi', 9, 5),
('10505', 'Paanchkhapan', 9, 5),
('10506', 'Bhotkhola', 5, 5),
('10507', 'Chichila', 5, 5),
('10508', 'Makalu', 6, 5),
('10509', 'Sabhapokhari', 6, 5),
('10510', 'Silichong', 5, 5),
('10601', 'Myanglung', 10, 6),
('10602', 'Laligurans', 9, 6),
('10603', 'Athrai ', 7, 6),
('10604', 'Chhathar', 6, 6),
('10605', 'Fedaap', 5, 6),
('10606', 'Menchhayayem', 6, 6),
('10701', 'Bhojpur', 12, 7),
('10702', 'Sadananda', 14, 7),
('10703', 'Tyamkemaiyum', 9, 7),
('10704', 'Ramprasadrai', 8, 7),
('10705', 'Arun', 7, 7),
('10706', 'Pauwadungma', 6, 7),
('10707', 'Salpasilichho', 6, 7),
('10708', 'Aamchowk', 10, 7),
('10709', 'Hatuwagadhi', 9, 7),
('10801', 'Pakhribaas', 10, 8),
('10802', 'Dhankuta', 10, 8),
('10803', 'Mahalaxmi', 9, 8),
('10804', 'Sagurigadhi', 10, 8),
('10805', 'Khalsa Chhintang Sahidbhumi', 7, 8),
('10806', 'Chhathar Jorpati', 6, 8),
('10807', 'Chaubise', 8, 8),
('10901', 'Biratnagar', 19, 9),
('10902', 'Belbaari', 11, 9),
('10903', 'Letang', 9, 9),
('10904', 'Pathari Sanischare', 10, 9),
('10905', 'Rangeli', 9, 9),
('10906', 'Ratuwamai', 10, 9),
('10907', 'Sunawarsi', 9, 9),
('10908', 'Urlabaari', 9, 9),
('10909', 'Sundarharaincha', 12, 9),
('10910', 'Budhiganga', 7, 9),
('10911', 'Dhanpalthan', 7, 9),
('10912', 'Gramthan', 7, 9),
('10913', 'Jahada', 7, 9),
('10914', 'Kanepokhari', 7, 9),
('10915', 'Katahari', 7, 9),
('10916', 'Kerabaari', 10, 9),
('10917', 'Miklajung', 9, 9),
('11001', 'Itahari', 20, 10),
('11002', 'Dharan', 20, 10),
('11003', 'Inaruwa', 10, 10),
('11004', 'Duhabi', 12, 10),
('11005', 'Ramdhuni', 9, 10),
('11006', 'Barah', 11, 10),
('11007', 'Dewangunj', 7, 10),
('11008', 'Koshi', 8, 10),
('11009', 'Gadhi', 6, 10),
('11010', 'Barju', 6, 10),
('11011', 'Bhokraha', 8, 10),
('11012', 'Harinagara', 7, 10),
('11101', 'Solududhkunda', 10, 11),
('11102', 'Dudhkoshi', 7, 11),
('11103', 'Khumbu Pasang Lhamu', 5, 11),
('11104', 'Dudhkausika', 9, 11),
('11105', 'Nechasalyan', 6, 11),
('11106', 'Mahakulung', 5, 11),
('11107', 'Likhu Pike', 5, 11),
('11108', 'Sotang', 5, 11),
('11201', 'Halesituwachung', 11, 12),
('11202', 'Rupakot Majhuwagadhi', 15, 12),
('11203', 'Aiselukharka', 7, 12),
('11204', 'Lamidada', 6, 12),
('11205', 'Jantedhunga', 6, 12),
('11206', 'Khotehang', 9, 12),
('11207', 'Kepilasgadhi', 7, 12),
('11208', 'Diprung', 7, 12),
('11209', 'Sakela', 5, 12),
('11210', 'Barahpokhari', 6, 12),
('11301', 'Siddhicharan', 12, 13),
('11302', 'Khijidemwa', 9, 13),
('11303', 'Champadevi', 10, 13),
('11304', 'Chisankhugadhi', 8, 13),
('11305', 'Manebhanjyang', 9, 13),
('11306', 'Molung', 8, 13),
('11307', 'Likhu', 9, 13),
('11308', 'Sunkoshi', 10, 13),
('11401', 'Katari', 14, 14),
('11402', 'Chaudandagadhi', 10, 14),
('11403', 'Triyuga', 16, 14),
('11404', 'Belaka', 9, 14),
('11405', 'Udaypurgadhi', 8, 14),
('11406', 'Tapli', 5, 14),
('11407', 'Rautamai', 8, 14),
('11408', 'Sunkoshi', 5, 14),
('23201', 'Chandrapur', 10, 32),
('23202', 'Garuda', 9, 32),
('23203', 'Gaur', 13, 32),
('23204', 'Baudhimai', 7, 32),
('23205', 'Brindaban', 8, 32),
('23206', 'Dewahi Gonahi', 7, 32),
('23207', 'Durga Bhagwati', 8, 32),
('23208', 'Gadhimai', 7, 32),
('23209', 'Gujara', 9, 32),
('23210', 'Katahariya', 9, 32),
('23211', 'Madhav Narayan', 9, 32),
('23212', 'Maulapur', 7, 32),
('23213', 'Fatuwa Bijayapur', 5, 32),
('23214', 'Ishanath', 9, 32),
('23215', 'Paroha', 8, 32),
('23216', 'Rajpur', 7, 32),
('23301', 'Kalaiya', 27, 33),
('23302', 'Jitpursimara', 23, 33),
('23303', 'Kolhawi', 11, 33),
('23304', 'Nijgadh', 13, 33),
('23305', 'Mahagadimai', 11, 33),
('23306', 'Simraungadh', 11, 33),
('23307', 'Adarsha Kotwal', 8, 33),
('23308', 'Karaiyamai', 8, 33),
('23309', 'Devtaal', 7, 33),
('23310', 'Pachrauta', 9, 33),
('23311', 'Parwanipur', 9, 33),
('23312', 'Prasauni', 7, 33),
('23313', 'Pheta', 8, 33),
('23314', 'Baragadhi', 6, 33),
('23315', 'Subarna', 8, 33),
('23401', 'Birgunj', 27, 34),
('23402', 'Pokhariya', 11, 34),
('23403', 'Subarnapur', 7, 34),
('23404', 'Jagarnathpur', 6, 34),
('23405', 'Dhobini', 5, 34),
('23406', 'Chhipaharmai', 5, 34),
('23407', 'Pakaha Mainapur', 5, 34),
('23408', 'Bindabasini', 5, 34),
('23409', 'Bahudarmai', 8, 34),
('23410', 'Belawa', 7, 34),
('23411', 'Parsagadhi', 6, 34),
('23412', 'Sakhuwa Prasauni', 6, 34),
('23413', 'Paterwa Sugauli', 7, 34),
('21501', 'rajbiraj nagarpalika', 15, 15),
('21502', 'Kanchanrup', 12, 15),
('21503', 'Dakneshwori ', 11, 15),
('21504', 'Bodebarsain', 16, 15),
('21505', 'Khadak', 11, 15),
('21506', 'Sambhunath', 11, 15),
('21507', 'Surunga', 11, 15),
('21508', 'hanumannagar kankalini', 14, 15),
('21509', 'Krishna sabaran', 5, 15),
('21510', 'Chhinnamasta', 8, 15),
('21511', 'Mahadeva', 6, 15),
('21512', 'Saptakosi', 11, 15),
('21513', 'Tirahut', 5, 15),
('21514', 'Tilathi Koiladi', 8, 15),
('21515', 'Rupani', 6, 15),
('21516', 'Belhi Chapena', 5, 15),
('21517', 'Bishnupur', 7, 15),
('22001', 'Janakpur', 24, 20),
('22002', 'Chhireshwor ', 11, 20),
('22003', 'Ganeshman Charnath', 11, 20),
('22004', 'Dhanusadham', 9, 20),
('22005', 'Nagarain', 10, 20),
('22006', 'Videha', 10, 20),
('22007', 'Mithila', 10, 20),
('22008', 'Sahidnagar', 9, 20),
('22009', 'Sabaila', 13, 20),
('22010', 'Siddidatri', 6, 20),
('22011', 'Janaknandini', 6, 20),
('22012', 'Bateshwor', 5, 20),
('22013', 'Mithila Bihari', 10, 20),
('22014', 'Mukhiyapatti musaharmiya', 6, 20),
('22015', 'Laxminiya', 7, 20),
('22016', 'Hansapur', 8, 20),
('22017', 'Aurahi', 8, 20),
('21601', 'Lahan', 24, 16),
('21602', 'Dhangadimai', 14, 16),
('21603', 'Siraha', 22, 16),
('21604', 'Golbazar', 13, 16),
('21605', 'Mirchaiya', 12, 16),
('21606', 'Kalyanpur', 12, 16),
('21607', 'Bhagawanpur', 5, 16),
('21608', 'Aurahi', 5, 16),
('21609', 'Bishnupur', 5, 16),
('21610', 'Sukhipur', 8, 16),
('21611', 'Karjanha', 7, 16),
('21612', 'Bariyarpatti', 5, 16),
('21613', 'Laxmipur Patari', 6, 16),
('21614', 'Naraha', 5, 16),
('21615', 'Sakhuwanankarkatti', 5, 16),
('21616', 'Arnama', 5, 16),
('21617', 'Nawarajpur', 5, 16),
('22101', 'Jaleshwor', 12, 21),
('22102', 'Bardibas', 13, 21),
('22103', 'Gausala', 12, 21),
('22104', 'Ekdara', 8, 21),
('22105', 'Somana', 8, 21),
('22106', 'Samsi', 7, 21),
('22107', 'Loharpatti', 8, 21),
('22108', 'Ramgopalpur', 6, 21),
('22109', 'Mahottari', 6, 21),
('22110', 'Manara', 8, 21),
('22111', 'Matihani', 6, 21),
('22112', 'Bhanggaha', 9, 21),
('22113', 'Balawa', 7, 21),
('22114', 'Pipara', 7, 21),
('22115', 'Aurahi', 7, 21),
('22201', 'Ishworpur', 15, 22),
('22202', 'Lalbandi', 17, 22),
('22203', 'Haripur', 10, 22),
('22204', 'Haripurba', 11, 22),
('22205', 'Hariban', 11, 22),
('22206', 'Barahathawa', 18, 22),
('22207', 'Balara', 12, 22),
('22208', 'Godaita', 11, 22),
('22209', 'Malangwa', 12, 22),
('22210', 'Bagmati', 10, 22),
('22211', 'Kabilasi', 8, 22),
('22212', 'Chakraghatta ', 13, 22),
('22213', 'Chandranagar', 7, 22),
('22214', 'Dhankaul', 9, 22),
('22215', 'Bramhapuri', 9, 22),
('22216', 'Ramnagar', 10, 22),
('22217', 'Bishnu', 12, 22),
('32301', 'Uttargaya ', 5, 23),
('32302', 'Kalika', 5, 23),
('32303', 'Gosainkunda', 6, 23),
('32304', 'Naukunda', 6, 23),
('32305', 'Parbatikunda', 5, 23),
('32501', 'Bidur', 13, 25),
('32502', 'Belkotgadhi', 13, 25),
('32503', 'Kakani', 8, 25),
('32504', 'Kispang', 5, 25),
('32505', 'Tadigaun', 6, 25),
('32506', 'Tarkeshwor', 6, 25),
('32507', 'Dupcheshwor', 7, 25),
('32508', 'Panchakanya', 5, 25),
('32509', 'Likhu', 6, 25),
('32510', 'Meghang', 6, 25),
('32511', 'Shivapuri', 8, 25),
('32512', 'Suryegadhi', 5, 25),
('32601', 'Kathmandu', 32, 26),
('32602', 'Kageshwori Manohara', 12, 26),
('32603', 'Kirtipur', 10, 26),
('32604', 'Gokarneshwor', 9, 26),
('32605', 'Chandragiri', 15, 26),
('32606', 'Tokha', 11, 26),
('32607', 'Tarkeshwor', 11, 26),
('32608', 'Dakchinkali', 9, 26),
('32609', 'Nagarjun', 10, 26),
('32610', 'Budhanilkantha', 13, 26),
('32611', 'Shankharapur', 9, 26),
('32701', 'Changu Narayan', 9, 27),
('32702', 'Bhaktapur', 10, 27),
('32703', 'Madhyepur Thimi', 9, 27),
('32704', 'Suryebinayak', 10, 27),
('33001', 'Chautara Sangachowkgadhi', 14, 30),
('33002', 'Barabise', 9, 30),
('33003', 'Melamchi', 13, 30),
('33004', 'Indrabati', 12, 30),
('33005', 'Jugal', 7, 30),
('33006', 'Panchpokhari Thanpal', 8, 30),
('33007', 'Balephi', 8, 30),
('33008', 'Botekoshi', 5, 30),
('33009', 'Lisankhu Pakhar', 7, 30),
('33010', 'Sunkoshi', 7, 30),
('33011', 'Helambhu', 7, 30),
('33012', 'Tripurasundari', 6, 30),
('31801', 'Manthali', 14, 18),
('31802', 'Ramechhap', 9, 18),
('31803', 'Umakunda', 7, 18),
('31804', 'Khandadevi', 9, 18),
('31805', 'Gokulganga', 6, 18),
('31806', 'Doramba', 7, 18),
('31807', 'Likhu', 7, 18),
('31808', 'Sunapati', 5, 18),
('31901', 'Kamalamaai', 14, 19),
('31902', 'Dudhauli', 14, 19),
('31903', 'Golanjor', 7, 19),
('31904', 'Ghyankhel', 5, 19),
('31905', 'Tinpatan', 11, 19),
('31906', 'Fikkal', 6, 19),
('31907', 'Marin', 8, 19),
('31908', 'Sunkoshi', 7, 19),
('31909', 'Hariharpurgadhi', 8, 19),
('32901', 'Dhulikhel', 12, 29),
('32902', 'Banepa', 14, 29),
('32903', 'Panauti', 12, 29),
('32904', 'Panchkhaal', 13, 29),
('32905', 'Namobuddha', 11, 29),
('32906', 'Khanikhola', 7, 29),
('32907', 'Chaurideurali', 9, 29),
('32908', 'Temaal', 9, 29),
('32909', 'Bethanchowk', 6, 29),
('32910', 'Bhumlu', 10, 29),
('32911', 'Mandandeupur', 12, 29),
('32912', 'Mahabharat', 8, 29),
('32913', 'Roshi', 12, 29),
('31701', 'Jiri', 9, 17),
('31702', 'Bhimeshwor', 9, 17),
('31703', 'Kalinchowk', 9, 17),
('31704', 'Gaurishankar', 9, 17),
('31705', 'Tamakoshi', 7, 17),
('31706', 'Melung', 7, 17),
('31707', 'Bigu', 8, 17),
('31708', 'Baiteshwor', 8, 17),
('31709', 'Shailung', 8, 17),
('32801', 'Lalitpur', 29, 28),
('32802', 'Godawari', 14, 28),
('32803', 'Mahalaxmi', 10, 28),
('32804', 'Konjyosom', 5, 28),
('32805', 'Bagmati', 7, 28),
('32806', 'Mahankaal', 6, 28),
('32401', 'Dhunibenshi', 9, 24),
('32402', 'Nilkantha', 14, 24),
('32403', 'Khaniyabash', 5, 24),
('32404', 'Gajuri', 8, 24),
('32405', 'Galchi', 8, 24),
('32406', 'Gangajamuna', 7, 24),
('32407', 'Jwalamukhi', 7, 24),
('32408', 'Thakre', 11, 24),
('32409', 'Netrabati', 5, 24),
('32410', 'Benighat Rorang', 10, 24),
('32411', 'Rubi Valley', 6, 24),
('32412', 'Sidhlake', 7, 24),
('32413', 'Tripurasundari', 7, 24),
('33101', 'Hetauda', 19, 31),
('33102', 'Thaha', 12, 31),
('33103', 'Indrasarobar', 5, 31),
('33104', 'Kailash', 10, 31),
('33105', 'Bakaiya', 12, 31),
('33106', 'Bagmati', 9, 31),
('33107', 'Bhimfedi', 9, 31),
('33108', 'Makwanpurgadhi', 8, 31),
('33109', 'Manhari', 9, 31),
('33110', 'Raksirang', 9, 31),
('33501', 'Bharatpur', 29, 35),
('33502', 'Kalika', 11, 35),
('33503', 'Khairhani', 13, 35),
('33504', 'Madi', 9, 35),
('33505', 'Ratnanagar', 16, 35),
('33506', 'Rapti', 13, 35),
('33507', 'Echyakamana', 7, 35),
('44101', 'Galyang', 11, 41),
('44102', 'Chapkot', 10, 41),
('44103', 'Putalibazar', 14, 41),
('44104', 'Virkot', 9, 41),
('44105', 'Waling', 14, 41),
('44106', 'Arjunchaupari', 6, 41),
('44107', 'Aadhikhola', 6, 41),
('44108', 'Kaligandaki', 7, 41),
('44109', 'Fedikhola', 5, 41),
('44110', 'Biruwa', 8, 41),
('44111', 'Harinas', 7, 41),
('43901', 'Pokhara Lekhanath', 33, 39),
('43902', 'Annapurna', 11, 39),
('43903', 'Machhapuchhre', 9, 39),
('43904', 'Madi', 12, 39),
('43905', 'Rupa', 7, 39),
('44801', 'Gharpajhong', 5, 48),
('44802', 'Thasang', 5, 48),
('44803', 'Dalome', 5, 48),
('44804', 'Lomanthang', 5, 48),
('44805', 'Barhagaun Muktichhetra', 5, 48),
('45101', 'Kushma', 14, 51),
('45102', 'Phalewas', 11, 51),
('45103', 'Jaljala', 9, 51),
('45104', 'paiyu', 7, 51),
('45105', 'Mahashila', 6, 51),
('45106', 'Modi', 8, 51),
('45107', 'Bihadi', 6, 51),
('43701', 'Narfu', 5, 37),
('43702', 'Nashon', 9, 37),
('43703', 'Neshyang', 9, 37),
('43704', 'Chame', 5, 37),
('44001', 'Bhanu', 13, 40),
('44002', 'Bhimad', 9, 40),
('44003', 'Byas', 14, 40),
('44004', 'Shuklagandaki', 12, 40),
('44005', 'Ambukhaireni', 6, 40),
('44006', 'Rhishing', 8, 40),
('44007', 'Ghiring', 5, 40),
('44008', 'Devghat', 5, 40),
('44009', 'Myagdi', 7, 40),
('44010', 'Bandipur', 6, 40),
('44901', 'Beni', 10, 49),
('44902', 'Annapurna', 8, 49),
('44903', 'Dhaulagiri', 7, 49),
('44904', 'Mangala', 5, 49),
('44905', 'Malika', 7, 49),
('44906', 'Raghuganga', 8, 49),
('45001', 'Baglung', 14, 50),
('45002', 'Galkot', 11, 50),
('45003', 'Jaimini', 10, 50),
('45004', 'Dhorpatan', 9, 50),
('45005', 'Bareng', 5, 50),
('45006', 'Kathekhola', 8, 50),
('45007', 'Tamankhola', 6, 50),
('45008', 'Tarakhola', 5, 50),
('45009', 'Nisikhola', 7, 50),
('45010', 'Badigad', 10, 50),
('43601', 'Gorkha', 14, 36),
('43602', 'Palungtar', 10, 36),
('43603', 'Sulikot', 8, 36),
('43604', 'Siranchok', 8, 36),
('43605', 'Ajirkot', 5, 36),
('43606', 'Aarughat', 10, 36),
('43607', 'Gandaki', 8, 36),
('43608', 'Chumnubri', 7, 36),
('43609', 'Dharche', 7, 36),
('43610', 'Bhimsen', 8, 36),
('43611', 'Sahid Lakhan', 9, 36),
('43801', 'Beshi Sahar', 11, 38),
('43802', 'Madhya Nepal', 10, 38),
('43803', 'Rainas', 10, 38),
('43804', 'Sundar Bajar', 11, 38),
('43805', 'Kobholasothar', 9, 38),
('43806', 'Dudhpokhari', 6, 38),
('43807', 'Dordi', 9, 38),
('43808', 'Marsyandi', 9, 38),
('54601', 'Butwal', 19, 46),
('54602', 'Lumbini Saskritik', 13, 46),
('54603', 'Sidharthanager', 13, 46),
('54604', 'Sammarimai', 7, 46),
('54605', 'Debdaha', 12, 46),
('54606', 'Sainamaina', 11, 46),
('54607', 'Tilottma', 17, 46),
('54608', 'Siyari', 7, 46),
('54609', 'Gaidahawa', 9, 46),
('54610', 'Kanchan', 5, 46),
('54611', 'Kotahimai', 7, 46),
('54612', 'Marchawari', 7, 46),
('54613', 'Mayadevi', 8, 46),
('54614', 'Omsatiya', 6, 46),
('54615', 'Rohindi', 7, 46),
('54616', 'Suddodhan', 7, 46),
('54401', 'Sandhikharka', 12, 44),
('54402', 'Sitganga', 14, 44),
('54403', 'Bhumikasthan', 10, 44),
('54404', 'Chhatradev', 8, 44),
('54405', 'Pandini', 8, 44),
('54406', 'Malarani', 9, 44),
('54501', 'Kawasoti', 17, 45),
('54502', 'Gaindakot', 18, 45),
('54503', 'Devchuli', 17, 45),
('54504', 'Bardghat', 16, 45),
('54505', 'Madhyabindu', 15, 45),
('54506', 'Ramgram', 18, 45),
('54507', 'Sunwal', 13, 45),
('54508', 'Tribenisusta', 7, 45),
('54509', 'Palhinandan', 6, 45),
('54510', 'Pratappur', 9, 45),
('54511', 'Bungdikali', 6, 45),
('54512', 'Bulingtar', 6, 45),
('54513', 'Binaie', 5, 45),
('54514', 'Sarawal', 7, 45),
('54515', 'Hupsekot', 6, 45),
('55601', 'Tulsipur', 19, 56),
('55602', 'Ghorahi', 19, 56),
('55603', 'Lamahi', 9, 56),
('55604', 'Bangalichuli', 8, 56),
('55605', 'Dangisaran', 7, 56),
('55606', 'Gadhawa', 8, 56),
('55607', 'Rajpur', 7, 56),
('55608', 'Rapti', 9, 56),
('55609', 'Santinagar', 7, 56),
('55610', 'Babai', 7, 56),
('55501', 'Sarada', 15, 55),
('55502', 'Bagchaur', 12, 55),
('55503', 'Bangad', 12, 55),
('55504', 'Kalimati', 7, 55),
('55505', 'Tribeni', 6, 55),
('55506', 'Kapurkot', 6, 55),
('55507', 'Chhatreswori', 7, 55),
('55508', 'Dhorchaur', 5, 55),
('55509', 'Kumakhamalika', 7, 55),
('55510', 'Darma', 6, 55),
('55201', 'Musikot', 14, 52),
('55202', 'Chaurjahari', 14, 52),
('55203', 'Aathabiskot', 14, 52),
('55204', 'Putha Uttarganga', 14, 52),
('55205', 'Bhume', 9, 52),
('55206', 'Sisne', 8, 52),
('55207', 'Baphikot', 10, 52),
('55208', 'Tribeni ', 10, 52),
('55209', 'Sanibheri', 11, 52),
('56501', 'Nepalgunj', 23, 65),
('56502', 'Koholpur', 15, 65),
('56503', 'Narainapur', 6, 65),
('56504', 'Raptisonari', 9, 65),
('56505', 'Baijanath', 8, 65),
('56506', 'Khajura', 8, 65),
('56507', 'Duduwa', 6, 65),
('56508', 'Janaki', 6, 65),
('55301', 'Rolpa', 10, 53),
('55302', 'Tribeni', 7, 53),
('55303', 'Duikholi', 6, 53),
('55304', 'Madi', 6, 53),
('55305', 'Runtigadhi', 9, 53),
('55306', 'Lungri', 7, 53),
('55307', 'Sukidaha', 7, 53),
('55308', 'Sunchhahari', 7, 53),
('55309', 'Subarnawoti', 8, 53),
('55310', 'Thabang', 5, 53),
('55401', 'Pyuthan', 10, 54),
('55402', 'Sworgadwari', 9, 54),
('55403', 'Gaumukhi', 7, 54),
('55404', 'Mandabi', 5, 54),
('55405', 'Sarumarani', 6, 54),
('55406', 'Mallarani', 5, 54),
('55407', 'Naubahini', 8, 54),
('55408', 'Jhimruk', 8, 54),
('55409', 'Arawoti', 6, 54),
('56601', 'Gulariya', 12, 66),
('56602', 'Madhuban', 9, 66),
('56603', 'Rajapur', 10, 66),
('56604', 'Thakurbaba', 9, 66),
('56605', 'Bansgadhi', 9, 66),
('56606', 'Barbardiya', 11, 66),
('56607', 'Badhaiyatal', 9, 66),
('56608', 'Geruwa', 6, 66),
('54201', 'Musikot', 9, 42),
('54202', 'Resunga', 14, 42),
('54203', 'Ishma', 6, 42),
('54204', 'Kaligandaki', 7, 42),
('54205', 'Gulmidarbar', 7, 42),
('54206', 'Satyawoti', 8, 42),
('54207', 'Chandrakot', 8, 42),
('54208', 'Ruru', 6, 42),
('54209', 'Chhatrakot', 6, 42),
('54210', 'Dhurkot', 7, 42),
('54211', 'Madane', 7, 42),
('54212', 'Malika', 8, 42),
('54301', 'Rampur', 10, 43),
('54302', 'Tansen', 14, 43),
('54303', 'Nisdi', 7, 43),
('54304', 'Purbakhola', 6, 43),
('54305', 'Rambha', 5, 43),
('54306', 'Mathagadi', 8, 43),
('54307', 'Tinau', 6, 43),
('54308', 'Baganaskali', 9, 43),
('54309', 'Ribdikot', 8, 43),
('54310', ' Rainadevi Chhahara', 8, 43),
('54701', 'Kapilvastu', 12, 47),
('54702', 'Buddhabhumi', 10, 47),
('54703', 'Shivaraj', 11, 47),
('54704', 'Maharajgang', 11, 47),
('54705', 'Krishnanagar', 12, 47),
('54706', 'Bandganga', 11, 47),
('54707', 'Mayadevi', 8, 47),
('54708', 'Yesodhara', 8, 47),
('54709', 'Bijayanagar', 7, 47),
('54710', 'Suddhodhan', 6, 47),
('66101', 'Simkot', 8, 61),
('66102', 'Namkha', 6, 61),
('66103', 'kharpunath', 5, 61),
('66104', 'Surkegad', 8, 61),
('66105', 'Chankheli', 6, 61),
('66106', 'Adanchuli', 6, 61),
('66107', 'Tajakot', 5, 61),
('65801', 'Chhayanath', 14, 58),
('65802', 'Mugumkarmarog', 9, 58),
('65803', 'Soru', 11, 58),
('65804', 'Khatyang', 11, 58),
('66001', 'Khadachakra', 11, 60),
('66002', 'Raskot', 9, 60),
('66003', 'Tilagupha', 11, 60),
('66004', 'Pachaljharana', 9, 60),
('66005', 'Sanni tribeni', 9, 60),
('66006', 'Naraharinath', 9, 60),
('66007', 'Kalika', 8, 60),
('66008', 'Mahabai', 7, 60),
('66009', 'Palata', 9, 60),
('65901', 'Chandannath', 10, 59),
('65902', 'Kankasundari', 8, 59),
('65903', 'Sinja', 6, 59),
('65904', 'Hima', 7, 59),
('65905', 'Tila', 9, 59),
('65906', 'Guthichaur', 5, 59),
('65907', 'Tatopani', 8, 59),
('65908', 'Patarasi', 7, 59),
('66401', 'Birendra', 16, 64),
('66402', 'Bheriganga', 13, 64),
('66403', 'Gurbhakot', 14, 64),
('66404', 'Pabchapuri', 11, 64),
('66405', 'Lekbesi', 10, 64),
('66406', 'Chaukune', 10, 64),
('66407', 'Barahatal', 10, 64),
('66408', 'Chingad', 6, 64),
('66409', 'Simta ', 9, 64),
('66301', 'Narayan', 11, 63),
('66302', 'Dullu', 13, 63),
('66303', 'Chamunda Bindrasaini', 9, 63),
('66304', 'Aathbis', 9, 63),
('66305', 'Bhagawatimai', 7, 63),
('66306', 'Gurash', 8, 63),
('66307', 'Dungeshwar', 6, 63),
('66308', 'Naumule', 8, 63),
('66309', 'Mahabu', 6, 63),
('66310', 'Bhairabi', 7, 63),
('66311', 'Thatikadh', 6, 63),
('65701', 'Thuli veri', 11, 57),
('65702', 'Tripurasundari', 11, 57),
('65703', 'Dolpa buddha', 6, 57),
('65704', 'She phoksundo', 9, 57),
('65705', 'Jagdulla', 6, 57),
('65706', 'Mudkechula', 9, 57),
('65707', 'Kaike', 7, 57),
('65708', 'Chharka tangsong', 6, 57),
('66201', 'veri', 13, 62),
('66202', 'Chhedagad', 13, 62),
('66203', 'Tribeni nalgad ', 13, 62),
('66204', 'Kuse ', 9, 62),
('66205', 'Junichande', 11, 62),
('66206', 'Barekot', 9, 62),
('66207', 'Shibalaya', 9, 62),
('77301', 'Dashrathachanda', 11, 73),
('77302', 'Patan ', 10, 73),
('77303', 'Melauli ', 9, 73),
('77304', 'Purchaudi ', 10, 73),
('77305', 'Surnaya', 8, 73),
('77306', 'Sisag', 9, 73),
('77307', 'Shivanath', 6, 73),
('77308', 'Pancheshwar', 6, 73),
('77309', 'Dogdakedar', 8, 73),
('77310', 'Dilasaini', 7, 73),
('77401', 'Amargadhi ', 11, 74),
('77402', 'Parsuram ', 12, 74),
('77403', 'Aalital', 8, 74),
('77404', 'Bhageshwar', 5, 74),
('77405', 'nabadurga', 5, 74),
('77406', 'Ajayameru ', 6, 74),
('77407', 'Ganyapdhura', 5, 74),
('77501', 'bhimdatta', 19, 75),
('77502', 'Punarbas', 11, 75),
('77503', 'Bedkot ', 10, 75),
('77504', 'Mahakali', 9, 75),
('77505', 'Shuklaphata', 12, 75),
('77506', 'Belauri', 10, 75),
('77507', 'Krishnapur', 9, 75),
('77508', 'Beldandi', 5, 75),
('77509', 'Laljhadi', 6, 75),
('77101', 'Dhangadhi', 19, 71),
('77102', 'Tikapur ', 9, 71),
('77103', 'Ghodaghodi ', 12, 71),
('77104', 'Lamkichuha', 10, 71),
('77105', 'bhajani ', 9, 71),
('77106', 'Godawari', 12, 71),
('77107', 'Gauriganga', 11, 71),
('77108', 'Janaki', 9, 71),
('77109', 'Bardagoriya', 6, 71),
('77110', 'Mohanyal', 7, 71),
('77111', 'Kailari', 9, 71),
('77112', 'Joshipur ', 7, 71),
('77113', 'Chure', 6, 71),
('77001', 'Dipayal siladhi ', 9, 70),
('77002', 'Shikhar', 11, 70),
('77003', 'Purbichauki', 7, 70),
('77004', 'Badikedar', 5, 70),
('77005', 'Jorayal', 6, 70),
('77006', 'Sayal', 6, 70),
('77007', 'Aadarsh', 7, 70),
('77008', 'K.I.C', 7, 70),
('77009', 'Bogatan', 7, 70),
('76801', 'Mangalsen', 14, 68),
('76802', 'Kamalbajar', 10, 68),
('76803', 'Sanphebagar', 14, 68),
('76804', 'Panchadewal Binayak', 9, 68),
('76805', 'Chaurpati ', 7, 68),
('76806', 'Mellekh', 8, 68),
('76807', 'Bannigadi Jayagadh', 6, 68),
('76808', 'Ramaroshan', 7, 68),
('76809', 'Dhakari', 8, 68),
('76810', 'Turmakhad', 8, 68),
('76901', 'jayaprithvi', 11, 69),
('76902', 'Bungal', 11, 69),
('76903', 'Talkot', 7, 69),
('76904', 'Masta', 7, 69),
('76905', 'Khaptadchhanna', 7, 69),
('76906', 'Thalara', 9, 69),
('76907', 'Bitthadchir', 9, 69),
('76908', 'Surma ', 5, 69),
('76909', 'Chhabispathibhera', 7, 69),
('76910', 'Durgathali', 7, 69),
('76911', 'Kedarsyun', 9, 69),
('76912', 'Kanda', 5, 69),
('76701', 'Badimalika', 9, 67),
('76702', 'Tribeni', 9, 67),
('76703', 'Budhiganga', 10, 67),
('76704', 'Budhinanda', 10, 67),
('76705', 'Gaumun ', 6, 67),
('76706', 'Pandav', 6, 67),
('76707', 'Swamikartik', 5, 67),
('76708', 'Chhededaha', 7, 67),
('76709', 'Himali', 7, 67),
('77201', 'Mahakali', 9, 72),
('77202', 'Shailyashikar', 9, 72),
('77203', 'Malikarjun', 8, 72),
('77204', 'Apihimal', 6, 72),
('77205', 'Duhu ', 5, 72),
('77206', 'Naugad', 6, 72),
('77207', 'Marma', 6, 72),
('77208', 'Lekam', 6, 72),
('77209', 'Byash', 6, 72);

-- --------------------------------------------------------

--
-- Structure for view `customerdetail`
--
DROP TABLE IF EXISTS `customerdetail`;

CREATE ALGORITHM=UNDEFINED DEFINER=`root`@`localhost` SQL SECURITY DEFINER VIEW `customerdetail` AS select `a`.`pid` AS `pid`,`a`.`memberid` AS `memberid`,`a`.`registrationDate` AS `registrationDate`,`a`.`name` AS `name`,`a`.`gender` AS `gender`,`a`.`pdistid` AS `pdistid`,`a`.`pvdcmunid` AS `pvdcmunid`,`a`.`pwardno` AS `pwardno`,`a`.`pcity` AS `pcity`,`a`.`ptole` AS `ptole`,`a`.`tdistid` AS `tdistid`,`a`.`tvdcmunid` AS `tvdcmunid`,`a`.`twardno` AS `twardno`,`a`.`tcity` AS `tcity`,`a`.`ttole` AS `ttole`,`a`.`citizenshipNo` AS `citizenshipNo`,`a`.`citizenshipIssuedFrom` AS `citizenshipIssuedFrom`,`a`.`telno` AS `telno`,`a`.`mobno` AS `mobno`,`a`.`fatherName` AS `fatherName`,`a`.`spouseName` AS `spouseName`,`a`.`dob` AS `dob`,`a`.`typeid` AS `typeid`,`a`.`statusid` AS `statusid`,`a`.`inputter` AS `inputter`,`a`.`authorizer` AS `authorizer`,`a`.`insertStatus` AS `insertStatus`,`a`.`updateStatus` AS `updateStatus`,`a`.`delStatus` AS `delStatus`,`b`.`DistrictName` AS `pdistname`,`c`.`DistrictName` AS `tdistname`,`d`.`DistrictName` AS `citdistname`,`e`.`VDCName` AS `pvdcname`,`f`.`VDCName` AS `tvdcname`,`g`.`statusName` AS `statusName`,`h`.`typeName` AS `typeName` from (((((((`customertbl` `a` left join `districtcodes` `b` on((`a`.`pdistid` = `b`.`DistrictCode`))) left join `districtcodes` `c` on((`a`.`tdistid` = `c`.`DistrictCode`))) left join `districtcodes` `d` on((`a`.`citizenshipIssuedFrom` = `d`.`DistrictCode`))) left join `vdccodes` `e` on((`a`.`pvdcmunid` = `e`.`VDCCode`))) left join `vdccodes` `f` on((`a`.`tvdcmunid` = `f`.`VDCCode`))) left join `statustbl` `g` on((`a`.`statusid` = `g`.`statusid`))) left join `typetbl` `h` on((`a`.`typeid` = `h`.`typeid`)));

-- --------------------------------------------------------

--
-- Structure for view `qrybalsheet`
--
DROP TABLE IF EXISTS `qrybalsheet`;

CREATE ALGORITHM=UNDEFINED DEFINER=`root`@`localhost` SQL SECURITY DEFINER VIEW `qrybalsheet` AS select `tbl1maincode`.`MCode` AS `MCode`,`tbl1maincode`.`MHead` AS `MHead`,`tbl2accode`.`ACode` AS `ACode`,`tbl2accode`.`AHead` AS `AHead`,`tbl2accode`.`Balance` AS `DrBal`,0 AS `CrBal` from (`tbl1maincode` join `tbl2accode` on((`tbl1maincode`.`MCode` = `tbl2accode`.`MCode`))) where (`tbl2accode`.`Balance` > 0) union all select `tbl1maincode`.`MCode` AS `MCode`,`tbl1maincode`.`MHead` AS `MHead`,`tbl2accode`.`ACode` AS `ACode`,`tbl2accode`.`AHead` AS `AHead`,0 AS `DrBal`,-(`tbl2accode`.`Balance`) AS `CrBal` from (`tbl1maincode` join `tbl2accode` on((`tbl1maincode`.`MCode` = `tbl2accode`.`MCode`))) where (`tbl2accode`.`Balance` < 0);

-- --------------------------------------------------------

--
-- Structure for view `qrybalsummary`
--
DROP TABLE IF EXISTS `qrybalsummary`;

CREATE ALGORITHM=UNDEFINED DEFINER=`root`@`localhost` SQL SECURITY DEFINER VIEW `qrybalsummary` AS select `qrypbal`.`acode` AS `acode`,sum(`qrypbal`.`TBal`) AS `TBal` from `qrypbal` group by `qrypbal`.`acode` having (sum(`qrypbal`.`TBal`) <> 0) union all select `tbl51trans`.`ACode` AS `acode`,(sum(`tbl51trans`.`Dr`) - sum(`tbl51trans`.`Cr`)) AS `TBal` from `tbl51trans` group by `tbl51trans`.`ACode` having ((sum(`tbl51trans`.`Dr`) - sum(`tbl51trans`.`Cr`)) <> 0);

-- --------------------------------------------------------

--
-- Structure for view `qrygetbal`
--
DROP TABLE IF EXISTS `qrygetbal`;

CREATE ALGORITHM=UNDEFINED DEFINER=`root`@`localhost` SQL SECURITY DEFINER VIEW `qrygetbal` AS select left(`tbl5pertrans`.`AcNo`,5) AS `acode`,`tbl5pertrans`.`AcNo` AS `AcNo`,max(`tbl5pertrans`.`TSer`) AS `tser` from `tbl5pertrans` group by left(`tbl5pertrans`.`AcNo`,5),`tbl5pertrans`.`AcNo`;

-- --------------------------------------------------------

--
-- Structure for view `qrypbal`
--
DROP TABLE IF EXISTS `qrypbal`;

CREATE ALGORITHM=UNDEFINED DEFINER=`root`@`localhost` SQL SECURITY DEFINER VIEW `qrypbal` AS select `qrygetbal`.`acode` AS `acode`,`qrygetbal`.`AcNo` AS `acno`,`qrygetbal`.`tser` AS `tser`,`tbl5pertrans`.`ABal` AS `TBal` from (`qrygetbal` join `tbl5pertrans` on((`qrygetbal`.`tser` = `tbl5pertrans`.`TSer`)));

-- --------------------------------------------------------

--
-- Structure for view `qrypertransaction`
--
DROP TABLE IF EXISTS `qrypertransaction`;

CREATE ALGORITHM=UNDEFINED DEFINER=`root`@`localhost` SQL SECURITY DEFINER VIEW `qrypertransaction` AS select `tbl0transaction`.`TransNo` AS `TransNo`,`tbl0transaction`.`Ndate` AS `Ndate`,`tbl2accode`.`ACode` AS `ACode`,`tbl2accode`.`AHead` AS `AHead`,`tbl3personalinfo`.`PID` AS `PID`,`tbl3personalinfo`.`PName` AS `PName`,`tbl4personalaccounts`.`AcNo` AS `AcNo`,`tbl5pertrans`.`Desc` AS `desc`,`tbl5pertrans`.`Dr` AS `Dr`,`tbl5pertrans`.`Cr` AS `Cr`,(`tbl5pertrans`.`Dr` - `tbl5pertrans`.`Cr`) AS `Bal`,`tbl5pertrans`.`ABal` AS `ABal`,`tbl5pertrans`.`TSer` AS `TSer`,`tbl0transaction`.`EDate` AS `EDate`,`tbl5pertrans`.`INDate` AS `INDate`,`tbl5pertrans`.`IEDate` AS `IEDate`,`tbl5pertrans`.`IntDr` AS `IntDr`,`tbl5pertrans`.`IntCr` AS `IntCr`,`tbl5pertrans`.`IntBal` AS `IntBal`,`tbl5pertrans`.`PIntDr` AS `PIntDr`,`tbl5pertrans`.`PIntCr` AS `PIntCr`,`tbl5pertrans`.`PIntBal` AS `PIntBal`,`tbl5pertrans`.`IncIntDr` AS `IncIntDr`,`tbl5pertrans`.`IncIntCr` AS `IncIntCr`,`tbl5pertrans`.`IncPintdr` AS `IncPintdr`,`tbl5pertrans`.`IncPintCr` AS `IncPintCr` from (`tbl2accode` join ((`tbl3personalinfo` join `tbl4personalaccounts` on((`tbl3personalinfo`.`PID` = `tbl4personalaccounts`.`PID`))) join (`tbl0transaction` join `tbl5pertrans` on((`tbl0transaction`.`TransNo` = `tbl5pertrans`.`TransNo`))) on((`tbl4personalaccounts`.`AcNo` = `tbl5pertrans`.`AcNo`))) on((`tbl2accode`.`ACode` = `tbl4personalaccounts`.`ACode`)));

--
-- Indexes for dumped tables
--

--
-- Indexes for table `files`
--
ALTER TABLE `files`
  ADD PRIMARY KEY (`Pid`);

--
-- Indexes for table `tbl0transaction`
--
ALTER TABLE `tbl0transaction`
  ADD PRIMARY KEY (`TransNo`), ADD KEY `TransNo` (`TransNo`);

--
-- Indexes for table `tbl2accode`
--
ALTER TABLE `tbl2accode`
  ADD PRIMARY KEY (`ACode`);

--
-- Indexes for table `tbl3personalinfo`
--
ALTER TABLE `tbl3personalinfo`
  ADD PRIMARY KEY (`PID`);

--
-- Indexes for table `tbl4personalaccounts`
--
ALTER TABLE `tbl4personalaccounts`
  ADD PRIMARY KEY (`AcNo`), ADD KEY `PID` (`PID`);

--
-- Indexes for table `tbl5pertrans`
--
ALTER TABLE `tbl5pertrans`
  ADD PRIMARY KEY (`TSer`), ADD KEY `TransNo` (`TransNo`);

--
-- Indexes for table `tbl51trans`
--
ALTER TABLE `tbl51trans`
  ADD PRIMARY KEY (`TSer`), ADD KEY `TSer` (`TSer`), ADD KEY `TransNo` (`TransNo`);

--
-- Indexes for table `tblcdate`
--
ALTER TABLE `tblcdate`
  ADD PRIMARY KEY (`CDate`);

--
-- Indexes for table `tblshareholder`
--
ALTER TABLE `tblshareholder`
  ADD PRIMARY KEY (`ShareHolderID`);

--
-- Indexes for table `tblworkingoffice`
--
ALTER TABLE `tblworkingoffice`
  ADD PRIMARY KEY (`officeid`);

--
-- AUTO_INCREMENT for dumped tables
--

--
-- AUTO_INCREMENT for table `tbl5pertrans`
--
ALTER TABLE `tbl5pertrans`
  MODIFY `TSer` int(11) NOT NULL AUTO_INCREMENT;
--
-- AUTO_INCREMENT for table `tbl51trans`
--
ALTER TABLE `tbl51trans`
  MODIFY `TSer` int(11) NOT NULL AUTO_INCREMENT;
--
-- Constraints for dumped tables
--

--
-- Constraints for table `tbl4personalaccounts`
--
ALTER TABLE `tbl4personalaccounts`
ADD CONSTRAINT `tbl4personalaccounts_ibfk_1` FOREIGN KEY (`PID`) REFERENCES `tbl3personalinfo` (`PID`) ON DELETE CASCADE ON UPDATE CASCADE;

--
-- Constraints for table `tbl5pertrans`
--
ALTER TABLE `tbl5pertrans`
ADD CONSTRAINT `tbl5pertrans_ibfk_1` FOREIGN KEY (`TransNo`) REFERENCES `tbl0transaction` (`TransNo`) ON DELETE CASCADE ON UPDATE CASCADE;

--
-- Constraints for table `tbl51trans`
--
ALTER TABLE `tbl51trans`
ADD CONSTRAINT `tbl51trans_ibfk_1` FOREIGN KEY (`TransNo`) REFERENCES `tbl0transaction` (`TransNo`) ON DELETE CASCADE ON UPDATE CASCADE;

/*!40101 SET CHARACTER_SET_CLIENT=@OLD_CHARACTER_SET_CLIENT */;
/*!40101 SET CHARACTER_SET_RESULTS=@OLD_CHARACTER_SET_RESULTS */;
/*!40101 SET COLLATION_CONNECTION=@OLD_COLLATION_CONNECTION */;
